match_id,player1,player2,elapsed_time,set_no,game_no,point_no,p1_sets,p2_sets,p1_games,p2_games,p1_score,p2_score,server,serve_no,point_victor,p1_points_won,p2_points_won,game_victor,set_victor,p1_ace,p2_ace,p1_winner,p2_winner,winner_shot_type,p1_double_fault,p2_double_fault,p1_unf_err,p2_unf_err,p1_net_pt,p2_net_pt,p1_net_pt_won,p2_net_pt_won,p1_break_pt,p2_break_pt,p1_break_pt_won,p2_break_pt_won,p1_break_pt_missed,p2_break_pt_missed,p1_distance_run,p2_distance_run,rally_count,speed_mph,serve_width,serve_depth,return_depth,next_point_victor,next_server,flow_step,cum_flow,slope,inflection
2023-wimbledon-1701,Carlos Alcaraz,Novak Djokovic,00:00:00,1,1,1,0,0,0,0,0,0,2,1,2,0,1,0,0,0,0,0,0,0,0,0,0,0,0,0,0,0,0,0,0,0,0,0,5.661,4.341,1,111,W,CTL,D,1,2,-1,-1,0.5761492540472769,-0.1889331473160953
2023-wimbledon-1701,Carlos Alcaraz,Novak Djokovic,00:00:25,1,1,2,0,0,0,0,0,15,2,1,1,1,1,0,0,0,0,0,0,0,0,0,0,0,0,0,0,0,0,0,0,0,0,0,18.502,22.307,4,126,BW,NCTL,ND,1,2,1.1731,0.17310000000000003,0.3984034112955095,-0.1668507693258771
2023-wimbledon-1701,Carlos Alcaraz,Novak Djokovic,00:01:19,1,1,3,0,0,0,0,15,15,2,2,1,2,1,0,0,0,0,1,0,F,0,0,0,0,0,0,0,0,0,0,0,0,0,0,4.786,2.926,2,102,BW,NCTL,ND,2,2,1.1731,1.3462,0.24187886832821182,-0.14647503779772716
2023-wimbledon-1701,Carlos Alcaraz,Novak Djokovic,00:02:17,1,1,4,0,0,0,0,30,15,2,2,2,2,2,0,0,0,0,0,0,0,0,0,0,0,0,0,0,0,0,0,0,0,0,0,4.907,4.209,1,120,BC,CTL,ND,1,2,-1,0.34620000000000006,0.10491498383641266,-0.12771446602846973
2023-wimbledon-1701,Carlos Alcaraz,Novak Djokovic,00:03:02,1,1,5,0,0,0,0,30,30,2,1,1,3,2,0,0,0,0,0,0,0,0,0,0,1,0,1,0,0,0,0,0,0,0,0,12.881,8.676,2,108,W,CTL,ND,2,2,1.1731,1.5193,-0.014058961983794263,-0.11048069200154963
2023-wimbledon-1701,Carlos Alcaraz,Novak Djokovic,00:03:38,1,1,6,0,0,0,0,40,30,2,1,2,3,3,0,0,0,0,0,0,0,0,0,0,0,0,0,0,0,1,0,0,0,1,0,7.293,7.704,1,127,W,NCTL,D,2,2,-1,0.5193000000000001,-0.11652687450553266,-0.09468844268527715
2023-wimbledon-1701,Carlos Alcaraz,Novak Djokovic,00:04:05,1,1,7,0,0,0,0,40,40,2,1,2,3,4,0,0,0,0,0,1,F,0,0,0,0,0,1,0,1,0,0,0,0,0,0,23.283,19.531,5,111,W,CTL,ND,1,2,-1,-0.4806999999999999,-0.2038889146444067,-0.08025549556431454
2023-wimbledon-1701,Carlos Alcaraz,Novak Djokovic,00:04:41,1,1,8,0,0,0,0,40,AD,2,1,1,4,4,0,0,0,0,0,0,0,0,0,0,0,0,0,0,0,0,0,0,0,0,0,23.179,24.58,6,124,BW,NCTL,D,2,2,1.1731,0.6924000000000001,-0.2774645290583142,-0.06710263759208375
2023-wimbledon-1701,Carlos Alcaraz,Novak Djokovic,00:06:03,1,1,9,0,0,0,0,40,40,2,1,2,4,5,0,0,0,0,0,0,0,0,0,1,0,0,0,0,0,0,0,0,0,0,0,29.115,28.599,7,127,C,NCTL,D,2,2,-1,-0.3075999999999999,-0.33849543808613447,-0.055153621745932205
2023-wimbledon-1701,Carlos Alcaraz,Novak Djokovic,00:06:43,1,1,10,0,0,0,0,40,AD,2,1,2,4,6,2,0,0,0,0,0,0,0,0,0,0,0,0,0,0,0,0,0,0,0,0,8.941,7.816,1,125,W,CTL,ND,2,1,-1,-1.3075999999999999,-0.3881485791165721,-0.04433512136114916
2023-wimbledon-1701,Carlos Alcaraz,Novak Djokovic,00:08:02,1,2,11,0,0,0,1,0,0,1,1,2,4,7,0,0,0,0,0,0,0,0,0,1,0,0,0,0,0,0,0,0,0,0,0,5.54,10.329,2,123,BW,NCTL,ND,2,1,-1.1731,-2.4806999999999997,-0.4275190032516903,-0.03457668241427892
2023-wimbledon-1701,Carlos Alcaraz,Novak Djokovic,00:08:28,1,2,12,0,0,0,1,0,15,1,1,2,4,8,0,0,0,0,0,1,F,0,0,0,0,0,0,0,0,0,0,0,0,0,0,16.819,20.001,6,119,C,NCTL,ND,2,1,-1.1731,-3.6537999999999995,-0.45763272329734833,-0.025810673920631282
2023-wimbledon-1701,Carlos Alcaraz,Novak Djokovic,00:09:22,1,2,13,0,0,0,1,0,30,1,2,2,4,9,0,0,0,0,0,0,0,0,0,1,0,0,0,0,0,0,0,0,0,0,0,21.482,23.589,6,107,B,NCTL,D,1,1,-1.1731,-4.826899999999999,-0.47944951127490276,-0.017972236605438546
2023-wimbledon-1701,Carlos Alcaraz,Novak Djokovic,00:10:25,1,2,14,0,0,0,1,0,40,1,1,1,5,9,0,0,0,0,0,0,0,0,0,0,0,0,0,0,0,0,1,0,0,0,1,9.876,15.338,3,121,C,CTL,ND,1,1,1,-3.8268999999999993,-0.4938656438053224,-0.010999230002756615
2023-wimbledon-1701,Carlos Alcaraz,Novak Djokovic,00:10:57,1,2,15,0,0,0,1,15,40,1,1,1,6,9,0,0,0,0,1,0,F,0,0,0,0,0,0,0,0,0,1,0,0,0,1,7.638,7.393,3,128,BC,NCTL,ND,2,1,1,-2.8268999999999993,-0.5017165938683092,-0.004832178130948561
2023-wimbledon-1701,Carlos Alcaraz,Novak Djokovic,00:11:29,1,2,16,0,0,0,1,30,40,1,2,2,6,10,2,0,0,0,0,0,0,0,0,0,0,0,0,0,0,0,1,0,1,0,0,21.88,18.532,4,101,BW,NCTL,D,2,2,-1.1731,-3.999999999999999,-0.503779667585266,5.857861115703708e-4
2023-wimbledon-1701,Carlos Alcaraz,Novak Djokovic,00:12:45,1,3,17,0,0,0,2,0,0,2,1,2,6,11,0,0,0,0,0,0,0,0,0,1,0,1,0,0,0,0,0,0,0,0,0,20.078,18.607,5,122,C,NCTL,D,1,2,-1,-4.999999999999999,-0.5007765848161106,0.005308977691718673
2023-wimbledon-1701,Carlos Alcaraz,Novak Djokovic,00:13:23,1,3,18,0,0,0,2,0,15,2,2,1,7,11,0,0,0,0,0,0,0,0,0,0,1,0,0,0,0,0,0,0,0,0,0,29.805,34.701,8,107,C,NCTL,D,1,2,1.1731,-3.8268999999999993,-0.4933760024960203,0.009389217194628043
2023-wimbledon-1701,Carlos Alcaraz,Novak Djokovic,00:14:24,1,3,19,0,0,0,2,15,15,2,2,1,8,11,0,0,0,0,0,0,0,0,0,0,0,0,0,0,0,0,0,0,0,0,0,31.981,29.821,8,85,C,NCTL,D,2,2,1.1731,-2.6537999999999995,-0.48219597976939826,0.01287588945526357
2023-wimbledon-1701,Carlos Alcaraz,Novak Djokovic,00:15:30,1,3,20,0,0,0,2,30,15,2,2,2,8,12,0,0,0,0,0,0,0,0,0,0,0,0,1,0,1,0,0,0,0,0,0,93.364,89.698,21,88,BW,NCTL,ND,2,2,-1,-3.6537999999999995,-0.4678063841047006,0.015816002944819257
2023-wimbledon-1701,Carlos Alcaraz,Novak Djokovic,00:17:03,1,3,21,0,0,0,2,30,30,2,1,2,8,13,0,0,0,0,0,0,0,0,0,0,0,0,1,0,1,0,0,0,0,0,0,48.241,32.83,5,121,C,NCTL,ND,2,2,-1,-4.6537999999999995,-0.4507312376953667,0.01825424979262153
2023-wimbledon-1701,Carlos Alcaraz,Novak Djokovic,00:18:02,1,3,22,0,0,0,2,30,40,2,1,2,8,14,2,0,0,1,0,1,0,0,0,0,0,0,0,0,0,0,0,0,0,0,0,0.669,0.492,1,121,C,NCTL,NA,2,1,-1,-5.6537999999999995,-0.4314510035690609,0.020233066328880764
2023-wimbledon-1701,Carlos Alcaraz,Novak Djokovic,00:19:49,1,4,23,0,0,0,3,0,0,1,1,2,8,15,0,0,0,0,0,0,0,0,0,0,0,0,0,0,0,0,0,0,0,0,0,12.278,14.266,2,108,W,CTL,D,1,1,-1.1731,-6.826899999999999,-0.41040481093980863,0.021792694038149624
2023-wimbledon-1701,Carlos Alcaraz,Novak Djokovic,00:20:15,1,4,24,0,0,0,3,0,15,1,1,1,9,15,0,0,0,0,0,0,0,0,0,0,0,0,0,0,0,0,0,0,0,0,0,2.783,7.056,1,128,BW,NCTL,ND,2,1,1,-5.826899999999999,-0.3879926194455585,0.022971240817771653
2023-wimbledon-1701,Carlos Alcaraz,Novak Djokovic,00:20:38,1,4,25,0,0,0,3,15,15,1,1,2,9,16,0,0,0,0,0,0,0,0,0,0,0,0,0,0,0,0,0,0,0,0,0,30.865,26.119,6,128,C,NCTL,D,2,1,-1.1731,-6.999999999999999,-0.36457732201721327,0.023804742439947894
2023-wimbledon-1701,Carlos Alcaraz,Novak Djokovic,00:21:15,1,4,26,0,0,0,3,15,30,1,1,2,9,17,0,0,0,0,0,0,0,0,0,1,0,0,0,0,0,0,0,0,0,0,0,27.744,38.992,8,117,C,NCTL,D,1,1,-1.1731,-8.1731,-0.34048678622443357,0.024327224120299203
2023-wimbledon-1701,Carlos Alcaraz,Novak Djokovic,00:21:55,1,4,27,0,0,0,3,15,40,1,2,1,10,17,0,0,0,0,0,0,0,0,0,0,0,0,0,0,0,0,1,0,0,0,1,12.367,12.258,3,110,B,CTL,D,1,1,1,-7.1731,-0.3160158340385244,0.02457076209996744
2023-wimbledon-1701,Carlos Alcaraz,Novak Djokovic,00:22:36,1,4,28,0,0,0,3,30,40,1,1,1,11,17,0,0,0,0,1,0,0,0,0,0,0,0,0,0,0,0,1,0,0,0,1,5.683,5.84,1,128,BW,CTL,ND,2,1,1,-6.1731,-0.291428160043666,0.02456554515238009
2023-wimbledon-1701,Carlos Alcaraz,Novak Djokovic,00:23:16,1,4,29,0,0,0,3,40,40,1,2,2,11,18,0,0,0,0,0,0,0,0,0,0,0,0,0,0,0,0,0,0,0,0,0,35.456,41.723,10,98,C,NCTL,ND,2,1,-1.1731,-7.3462,-0.26695818821456607,0.024339935929794297
2023-wimbledon-1701,Carlos Alcaraz,Novak Djokovic,00:24:11,1,4,30,0,0,0,3,40,AD,1,2,2,11,19,2,0,0,0,0,0,0,0,0,0,0,0,0,0,0,0,1,0,1,0,0,11.067,10.59,2,95,BW,NCTL,ND,2,2,-1.1731,-8.5193,-0.24281286746157493,0.02392053206864912
2023-wimbledon-1701,Carlos Alcaraz,Novak Djokovic,00:25:06,1,5,31,0,0,0,4,0,0,2,1,2,11,20,0,0,0,0,0,0,0,0,0,0,0,0,0,0,0,0,0,0,0,0,0,5.873,3.741,1,108,W,CTL,D,2,2,-1,-9.5193,-0.2191734062233731,0.023332226976577296
2023-wimbledon-1701,Carlos Alcaraz,Novak Djokovic,00:25:28,1,5,32,0,0,0,4,0,15,2,1,2,11,21,0,0,0,0,0,0,0,0,0,1,0,0,0,0,0,0,0,0,0,0,0,13.029,12.57,3,126,W,CTL,D,1,2,-1,-10.5193,-0.1961969464625099,0.022598270227675285
2023-wimbledon-1701,Carlos Alcaraz,Novak Djokovic,00:25:57,1,5,33,0,0,0,4,0,30,2,1,1,12,21,0,0,0,0,1,0,B,0,0,0,0,0,1,0,0,0,0,0,0,0,0,13.896,16.397,4,111,BW,NCTL,ND,2,2,1.1731,-9.3462,-0.1740181774908145,0.021740327496284344
2023-wimbledon-1701,Carlos Alcaraz,Novak Djokovic,00:26:33,1,5,34,0,0,0,4,15,30,2,1,2,12,22,0,0,0,0,0,0,0,0,0,1,0,0,0,0,0,0,0,0,0,0,0,26.566,27.069,5,125,W,CTL,D,2,2,-1,-10.3462,-0.15275089011941576,0.020778539963121644
2023-wimbledon-1701,Carlos Alcaraz,Novak Djokovic,00:27:10,1,5,35,0,0,0,4,15,40,2,1,2,12,23,2,0,0,0,0,1,F,0,0,0,0,0,1,0,1,0,0,0,0,0,0,14.297,10.323,3,121,C,NCTL,NA,1,1,-1,-11.3462,-0.13248947169277545,0.019731583131092023
2023-wimbledon-1701,Carlos Alcaraz,Novak Djokovic,00:28:47,1,6,36,0,0,0,5,0,0,1,1,1,13,23,0,0,0,0,1,0,F,0,0,0,0,1,0,1,0,0,0,0,0,0,0,9.156,12.607,3,129,C,NCTL,NA,1,1,1,-10.3462,-0.11331034262684679,0.01861672499153563
2023-wimbledon-1701,Carlos Alcaraz,Novak Djokovic,00:29:15,1,6,37,0,0,0,5,15,0,1,1,1,14,23,0,0,0,0,0,0,0,0,0,0,0,0,0,0,0,0,0,0,0,0,0,9.453,10.305,1,131,W,CTL,D,2,1,1,-9.3462,-0.09527333512922917,0.017449883484999897
2023-wimbledon-1701,Carlos Alcaraz,Novak Djokovic,00:29:37,1,6,38,0,0,0,5,30,0,1,2,2,14,24,0,0,0,0,0,0,0,0,0,1,0,0,0,0,0,0,0,0,0,0,0,6.807,10.082,2,103,BC,NCTL,ND,2,1,-1.1731,-10.5193,-0.07842301483335766,0.01624568320388776
2023-wimbledon-1701,Carlos Alcaraz,Novak Djokovic,00:30:15,1,6,39,0,0,0,5,30,15,1,2,2,14,25,0,0,0,0,0,0,0,1,0,1,0,0,0,0,0,0,0,0,0,0,0,1.076,2.058,0,NA,C,CTL,NA,1,1,-1.1731,-11.6924,-0.06278994612981764,0.015017511287516617
2023-wimbledon-1701,Carlos Alcaraz,Novak Djokovic,00:30:55,1,6,40,0,0,0,5,30,30,1,1,1,15,25,0,0,0,0,1,0,F,0,0,0,0,1,0,1,0,0,0,0,0,0,0,33.492,57.879,9,130,B,NCTL,D,1,1,1,-10.6924,-0.04839190202589374,0.013777572463227798
2023-wimbledon-1701,Carlos Alcaraz,Novak Djokovic,00:31:36,1,6,41,0,0,0,5,40,30,1,1,1,16,25,1,0,0,0,1,0,F,0,0,0,0,0,1,0,0,0,0,0,0,0,0,16.193,17.993,5,118,C,NCTL,D,2,2,1,-9.6924,-0.03523501940909526,0.012536943190216641
2023-wimbledon-1701,Carlos Alcaraz,Novak Djokovic,00:32:28,1,7,42,0,0,1,5,0,0,2,1,2,16,26,0,0,0,0,0,0,0,0,0,0,0,0,0,0,0,0,0,0,0,0,0,31.957,36.872,9,117,C,NCTL,D,2,2,-1,-10.6924,-0.023314900632506325,0.011305624865703403
2023-wimbledon-1701,Carlos Alcaraz,Novak Djokovic,00:33:11,1,7,43,0,0,1,5,0,15,2,2,2,16,27,0,0,0,0,0,0,0,0,0,0,0,0,1,0,1,0,0,0,0,0,0,8.491,10.737,3,110,C,NCTL,ND,2,2,-1,-11.6924,-0.01261766237848182,0.010092596055950379
2023-wimbledon-1701,Carlos Alcaraz,Novak Djokovic,00:33:55,1,7,44,0,0,1,5,0,30,2,1,2,16,28,0,0,0,0,0,0,0,0,0,0,0,0,0,0,0,0,0,0,0,0,0,4.404,3.146,1,120,C,NCTL,ND,2,2,-1,-12.6924,-0.0031209327934940754,0.008905863717434095
2023-wimbledon-1701,Carlos Alcaraz,Novak Djokovic,00:34:19,1,7,45,0,0,1,5,0,40,2,1,2,16,29,2,2,0,0,0,1,F,0,0,0,0,0,1,0,1,0,0,0,0,0,0,13.498,14.462,5,125,W,CTL,ND,1,1,-1,-13.6924,0.005205202079831634,0.007752513376206939
2023-wimbledon-1701,Carlos Alcaraz,Novak Djokovic,00:36:28,2,1,46,0,1,0,0,0,0,1,1,1,17,29,0,0,0,0,0,0,0,0,0,0,0,1,0,1,0,0,0,0,0,0,0,24.951,17.213,3,114,W,CTL,ND,2,1,1,-12.6924,0.012397301516846631,0.00663875823615333
2023-wimbledon-1701,Carlos Alcaraz,Novak Djokovic,00:36:58,2,1,47,0,1,0,0,15,0,1,1,2,17,30,0,0,0,0,0,0,0,0,0,0,0,0,1,0,1,0,0,0,0,0,0,34.923,42.752,6,129,W,NCTL,ND,1,1,-1.1731,-13.865499999999999,0.018497721886440402,0.0055699871894258806
2023-wimbledon-1701,Carlos Alcaraz,Novak Djokovic,00:37:34,2,1,48,0,1,0,0,15,15,1,1,1,18,30,0,0,0,0,0,0,0,0,0,0,0,1,0,1,0,0,0,0,0,0,0,19.28,18.009,5,126,B,CTL,ND,1,1,1,-12.865499999999999,0.023553815877976468,0.004550811704861448
2023-wimbledon-1701,Carlos Alcaraz,Novak Djokovic,00:38:07,2,1,49,0,1,0,0,30,15,1,1,1,19,30,0,0,0,0,0,0,0,0,0,0,0,1,0,1,0,0,0,0,0,0,0,5.36,5.703,1,117,W,NCTL,ND,1,1,1,-11.865499999999999,0.02761717804646009,0.0035851115726378805
2023-wimbledon-1701,Carlos Alcaraz,Novak Djokovic,00:38:34,2,1,50,0,1,0,0,40,15,1,1,1,20,30,1,0,0,0,0,0,0,0,0,0,0,0,0,0,0,0,0,0,0,0,0,9.236,8.897,1,126,BC,NCTL,ND,1,2,1,-10.865499999999999,0.030742935522302603,0.0026760794857887994
2023-wimbledon-1701,Carlos Alcaraz,Novak Djokovic,00:39:35,2,2,51,0,1,1,0,0,0,2,2,1,21,30,0,0,0,0,0,0,0,0,1,0,1,0,0,0,0,0,0,0,0,0,0,1.424,0.9,0,NA,BC,NCTL,NA,1,2,1.1731,-9.6924,0.03298908271384671,0.0018262644415190557
2023-wimbledon-1701,Carlos Alcaraz,Novak Djokovic,00:40:32,2,2,52,0,1,1,0,15,0,2,2,1,22,30,0,0,0,0,0,0,0,0,0,0,0,0,0,0,0,0,0,0,0,0,0,20.745,25.107,6,94,B,NCTL,ND,2,2,1.1731,-8.5193,0.03441585881482112,0.0010376139474985566
2023-wimbledon-1701,Carlos Alcaraz,Novak Djokovic,00:41:29,2,2,53,0,1,1,0,30,0,2,1,2,22,31,0,0,0,0,0,1,B,0,0,0,0,0,1,0,1,0,0,0,0,0,0,24.814,18.005,5,111,BW,NCTL,ND,2,2,-1,-9.5193,0.03508516691522781,3.1151502048223304e-4
2023-wimbledon-1701,Carlos Alcaraz,Novak Djokovic,00:42:10,2,2,54,0,1,1,0,30,15,2,2,2,22,32,0,0,0,0,0,1,F,0,0,0,0,0,1,0,1,0,0,0,0,0,0,33.497,30.332,9,107,C,NCTL,D,2,2,-1,-10.5193,0.035060033502540826,-3.5116603328225757e-4
2023-wimbledon-1701,Carlos Alcaraz,Novak Djokovic,00:43:16,2,2,55,0,1,1,0,30,30,2,2,2,22,33,0,0,0,0,0,0,0,0,0,1,0,0,0,0,0,0,0,0,0,0,0,3.971,3.523,1,94,BW,NCTL,D,1,2,-1,-11.5193,0.034404107130541386,-9.500450643637318e-4
2023-wimbledon-1701,Carlos Alcaraz,Novak Djokovic,00:44:16,2,2,56,0,1,1,0,30,40,2,2,1,23,33,0,0,0,0,1,0,F,0,0,0,0,0,0,0,0,0,0,0,0,0,0,35.076,43.824,10,86,B,NCTL,D,1,2,1.1731,-10.3462,0.03318119502580138,-0.0014851827596913897
2023-wimbledon-1701,Carlos Alcaraz,Novak Djokovic,00:45:23,2,2,57,0,1,1,0,40,40,2,2,1,24,33,0,0,0,0,0,0,0,0,0,0,1,0,1,0,0,0,0,0,0,0,0,16.727,15.5,2,104,W,CTL,ND,2,2,1.1731,-9.1731,0.0314548363957836,-0.0019570485599549057
2023-wimbledon-1701,Carlos Alcaraz,Novak Djokovic,00:46:38,2,2,58,0,1,1,0,AD,40,2,1,2,24,34,0,0,0,0,0,0,0,0,0,0,0,0,0,0,0,1,0,0,0,1,0,7.052,6.806,1,118,BC,NCTL,D,1,2,-1,-10.1731,0.02928791119968251,-0.0023664858176141376
2023-wimbledon-1701,Carlos Alcaraz,Novak Djokovic,00:47:10,2,2,59,0,1,1,0,40,40,2,1,1,25,34,0,0,0,0,0,0,0,0,0,0,1,0,1,0,0,0,0,0,0,0,0,31.842,31.118,8,113,W,NCTL,ND,1,2,1.1731,-9,0.026742283140194927,-0.0027146781964973855
2023-wimbledon-1701,Carlos Alcaraz,Novak Djokovic,00:48:01,2,2,60,0,1,1,0,AD,40,2,1,1,26,34,1,0,0,0,0,0,0,0,0,0,1,0,0,0,0,1,0,1,0,0,0,23.419,14.041,4,116,C,CTL,ND,2,1,1.1731,-7.8269,0.023878475635329213,-0.0030031173122450536
2023-wimbledon-1701,Carlos Alcaraz,Novak Djokovic,00:48:48,2,3,61,0,1,2,0,0,0,1,2,2,26,35,0,0,0,0,0,0,0,1,0,1,0,0,0,0,0,0,0,0,0,0,0,5.897,5.002,0,NA,B,CTL,ND,1,1,-1.1731,-9,0.020755379530169697,-0.0032335716111854458
2023-wimbledon-1701,Carlos Alcaraz,Novak Djokovic,00:49:32,2,3,62,0,1,2,0,0,15,1,2,1,27,35,0,0,0,0,1,0,F,0,0,0,0,1,0,1,0,0,0,0,0,0,0,22.24,23.472,7,93,B,NCTL,ND,1,1,1,-8,0.01742999131223316,-0.0034080564836206826
2023-wimbledon-1701,Carlos Alcaraz,Novak Djokovic,00:50:22,2,3,63,0,1,2,0,15,15,1,1,1,28,35,0,0,0,0,1,0,F,0,0,0,0,0,0,0,0,0,0,0,0,0,0,70.345,65.676,19,125,B,NCTL,ND,2,1,1,-7,0.013957180598582562,-0.0035288056059783
2023-wimbledon-1701,Carlos Alcaraz,Novak Djokovic,00:51:25,2,3,64,0,1,2,0,30,15,1,1,2,28,36,0,0,0,0,0,1,F,0,0,0,0,1,0,0,0,0,0,0,0,0,0,23.891,17.817,4,120,W,NCTL,NA,1,1,-1.1731,-8.1731,0.010389485669074303,-0.00359824350477766
2023-wimbledon-1701,Carlos Alcaraz,Novak Djokovic,00:52:06,2,3,65,0,1,2,0,30,30,1,2,1,29,36,0,0,0,0,0,0,0,0,0,0,0,0,0,0,0,0,0,0,0,0,0,9.203,8.788,1,112,BC,NCTL,D,2,1,1,-7.1731,0.006776935828517303,-0.0036189593339520875
2023-wimbledon-1701,Carlos Alcaraz,Novak Djokovic,00:52:49,2,3,66,0,1,2,0,40,30,1,1,2,29,37,0,0,0,0,0,0,0,0,0,1,0,0,0,0,0,0,0,0,0,0,0,37.449,35.296,8,122,C,NCTL,D,2,1,-1.1731,-8.3462,0.003166899388566503,-0.0035936818556693935
2023-wimbledon-1701,Carlos Alcaraz,Novak Djokovic,00:53:31,2,3,67,0,1,2,0,40,40,1,1,2,29,38,0,0,0,0,0,0,0,0,0,0,0,0,1,0,1,0,0,0,0,0,0,17.41,29.453,4,115,BC,CTL,ND,2,1,-1.1731,-9.5193,-3.960439282491477e-4,-0.0035252556135356226
2023-wimbledon-1701,Carlos Alcaraz,Novak Djokovic,00:54:08,2,3,68,0,1,2,0,40,AD,1,2,2,29,39,2,0,0,0,0,0,0,0,0,1,0,0,0,0,0,0,1,0,1,0,0,40.601,51.537,14,92,BW,NCTL,ND,1,2,-1.1731,-10.6924,-0.0038702073486620693,-0.003416618285742169
2023-wimbledon-1701,Carlos Alcaraz,Novak Djokovic,00:56:40,2,4,69,0,1,2,1,0,0,2,1,1,30,39,0,0,0,0,0,0,0,0,0,0,1,0,1,0,0,0,0,0,0,0,0,23.385,16.1,4,109,W,CTL,ND,1,2,1.1731,-9.5193,-0.007216879346496464,-0.003270779204567245
2023-wimbledon-1701,Carlos Alcaraz,Novak Djokovic,00:57:17,2,4,70,0,1,2,1,15,0,2,2,1,31,39,0,0,0,0,0,0,0,0,0,0,0,0,0,0,0,0,0,0,0,0,0,35.028,25.613,6,109,C,NCTL,ND,2,2,1.1731,-8.3462,-0.010400385036937477,-0.0030907990274717965
2023-wimbledon-1701,Carlos Alcaraz,Novak Djokovic,00:58:25,2,4,71,0,1,2,1,30,0,2,2,2,31,40,0,0,0,0,0,0,0,0,0,1,0,1,0,0,0,0,0,0,0,0,0,15.211,15.539,3,92,BC,NCTL,D,2,2,-1,-9.3462,-0.013388127811218405,-0.0028797705439557344
2023-wimbledon-1701,Carlos Alcaraz,Novak Djokovic,00:59:14,2,4,72,0,1,2,1,30,15,2,1,2,31,41,0,0,0,0,0,0,0,0,0,0,0,0,0,0,0,0,0,0,0,0,0,4.333,4.169,1,121,BW,CTL,D,1,2,-1,-10.3462,-0.016150612338968622,-0.002640800601254395
2023-wimbledon-1701,Carlos Alcaraz,Novak Djokovic,01:00:04,2,4,73,0,1,2,1,30,30,2,2,1,32,41,0,0,0,0,0,0,0,0,0,0,0,0,0,0,0,0,0,0,0,0,0,7.486,6.882,2,99,BW,NCTL,D,2,2,1.1731,-9.1731,-0.01866145004827441,-0.0023769931310341904
2023-wimbledon-1701,Carlos Alcaraz,Novak Djokovic,01:01:00,2,4,74,0,1,2,1,40,30,2,1,2,32,42,0,0,0,0,0,0,0,0,0,1,0,0,0,0,0,1,0,0,0,1,0,120.712,93.426,29,118,BW,NCTL,ND,2,2,-1,-10.1731,-0.020897348175263973,-0.002091433258249376
2023-wimbledon-1701,Carlos Alcaraz,Novak Djokovic,01:02:27,2,4,75,0,1,2,1,40,40,2,1,2,32,43,0,0,0,0,0,1,F,0,0,0,0,0,1,0,1,0,0,0,0,0,0,23.661,26.537,5,110,C,NCTL,D,2,2,-1,-11.1731,-0.022838083455375482,-0.0017871724724698565
2023-wimbledon-1701,Carlos Alcaraz,Novak Djokovic,01:03:10,2,4,76,0,1,2,1,40,AD,2,1,2,32,44,2,0,0,0,0,0,0,0,0,0,0,0,0,0,0,0,0,0,0,0,0,5.38,4.131,1,122,W,CTL,ND,2,1,-1,-12.1731,-0.024466461508434553,-0.0014672148411357753
2023-wimbledon-1701,Carlos Alcaraz,Novak Djokovic,01:03:48,2,5,77,0,1,2,2,0,0,1,2,2,32,45,0,0,0,0,0,0,0,0,0,1,0,0,0,0,0,0,0,0,0,0,0,38.935,38.632,10,105,B,NCTL,ND,1,1,-1.1731,-13.3462,-0.025768262949646466,-0.0011345042434176705
2023-wimbledon-1701,Carlos Alcaraz,Novak Djokovic,01:04:49,2,5,78,0,1,2,2,0,15,1,1,1,33,45,0,0,0,0,1,0,0,0,0,0,0,0,0,0,0,0,0,0,0,0,0,6.85,4.499,1,126,W,CTL,NA,1,1,1,-12.3462,-0.02673217723491543,-7.919126026125071e-4
2023-wimbledon-1701,Carlos Alcaraz,Novak Djokovic,01:05:15,2,5,79,0,1,2,2,15,15,1,1,1,34,45,0,0,0,0,0,0,0,0,0,0,1,0,0,0,0,0,0,0,0,0,0,9.265,19.026,3,113,W,NCTL,D,1,1,1,-11.3462,-0.027349725229000824,-4.422290943252045e-4
2023-wimbledon-1701,Carlos Alcaraz,Novak Djokovic,01:05:42,2,5,80,0,1,2,2,30,15,1,1,1,35,45,0,0,0,0,0,0,0,0,0,0,0,1,0,1,0,0,0,0,0,0,0,28.725,24.977,7,126,C,NCTL,ND,2,1,1,-10.3462,-0.027615171459532788,-8.815030701669543e-5
2023-wimbledon-1701,Carlos Alcaraz,Novak Djokovic,01:06:16,2,5,81,0,1,2,2,40,15,1,1,2,35,46,0,0,0,0,0,0,0,0,0,0,0,0,0,0,0,0,0,0,0,0,0,6.492,6.408,2,132,C,NCTL,D,2,1,-1.1731,-11.5193,-0.02752542699802368,2.677286690517329e-4
2023-wimbledon-1701,Carlos Alcaraz,Novak Djokovic,01:06:42,2,5,82,0,1,2,2,40,30,1,1,2,35,47,0,0,0,0,0,0,0,0,0,0,0,0,1,0,1,0,0,0,0,0,0,42.899,46.159,10,128,BW,NCTL,D,1,1,-1.1731,-12.6924,-0.0270799438838267,6.229222490805779e-4
2023-wimbledon-1701,Carlos Alcaraz,Novak Djokovic,01:07:32,2,5,83,0,1,2,2,40,40,1,1,1,36,47,0,0,0,0,1,0,B,0,0,0,0,1,0,1,0,0,0,0,0,0,0,21.602,43.401,5,116,B,NCTL,ND,2,1,1,-11.6924,-0.026280601982207944,9.75061482221306e-4
2023-wimbledon-1701,Carlos Alcaraz,Novak Djokovic,01:08:08,2,5,84,0,1,2,2,AD,40,1,1,2,36,48,0,0,0,0,0,1,F,0,0,0,0,0,0,0,0,0,0,0,0,0,0,10.362,11.423,4,123,C,CTL,D,1,1,-1.1731,-12.865499999999999,-0.025131589142789262,0.0013219003268535577
2023-wimbledon-1701,Carlos Alcaraz,Novak Djokovic,01:08:35,2,5,85,0,1,2,2,40,40,1,2,1,37,48,0,0,0,0,0,0,0,0,0,0,0,0,0,0,0,0,0,0,0,0,0,3.258,3.384,1,124,BC,NCTL,ND,1,1,1,-11.865499999999999,-0.02363927549833298,0.0016613210985794323
2023-wimbledon-1701,Carlos Alcaraz,Novak Djokovic,01:09:18,2,5,86,0,1,2,2,AD,40,1,1,1,38,48,1,0,0,0,0,0,0,0,0,0,1,0,0,0,0,0,0,0,0,0,0,12.167,14.734,3,115,B,CTL,ND,1,2,1,-10.865499999999999,-0.021812082718476428,0.001991339117315953
2023-wimbledon-1701,Carlos Alcaraz,Novak Djokovic,01:11:20,2,6,87,0,1,3,2,0,0,2,1,1,39,48,0,0,0,0,1,0,B,0,0,0,0,0,1,0,0,0,0,0,0,0,0,66.55,79.221,18,122,C,CTL,D,1,2,1.1731,-9.6924,-0.01966034900556233,0.002310106580077272
2023-wimbledon-1701,Carlos Alcaraz,Novak Djokovic,01:12:26,2,6,88,0,1,3,2,15,0,2,2,1,40,48,0,0,0,0,1,0,B,0,0,0,0,0,0,0,0,0,0,0,0,0,0,29.367,32.868,10,95,BW,NCTL,ND,2,2,1.1731,-8.5193,-0.017196190593647548,0.00261591568652179
2023-wimbledon-1701,Carlos Alcaraz,Novak Djokovic,01:13:52,2,6,89,0,1,3,2,30,0,2,2,2,40,49,0,0,0,0,0,0,0,0,0,0,0,0,0,0,0,0,0,0,0,0,0,4.812,4.053,1,101,BW,NCTL,D,2,2,-1,-9.5193,-0.014433360484271684,0.0029072010444065486
2023-wimbledon-1701,Carlos Alcaraz,Novak Djokovic,01:14:39,2,6,90,0,1,3,2,30,15,2,1,2,40,50,0,0,0,0,0,1,F,0,0,0,0,0,0,0,0,0,0,0,0,0,0,10.234,7.26,3,115,C,NCTL,D,2,2,-1,-10.5193,-0.011387105125270407,0.0031825413824382856
2023-wimbledon-1701,Carlos Alcaraz,Novak Djokovic,01:15:16,2,6,91,0,1,3,2,30,30,2,2,2,40,51,0,0,0,0,0,0,0,0,0,0,0,0,0,0,0,0,0,0,0,0,0,6.781,8.749,1,84,B,NCTL,D,2,2,-1,-11.5193,-0.008074019711847236,0.003440660598157858
2023-wimbledon-1701,Carlos Alcaraz,Novak Djokovic,01:16:02,2,6,92,0,1,3,2,30,40,2,1,2,40,52,2,0,0,0,0,0,0,0,0,0,0,0,0,0,0,0,0,0,0,0,0,6.068,5.941,1,124,BW,CTL,D,1,1,-1,-12.5193,-0.00451190276017753,0.003680428168596789
2023-wimbledon-1701,Carlos Alcaraz,Novak Djokovic,01:16:45,2,7,93,0,1,3,3,0,0,1,2,1,41,52,0,0,0,0,1,0,F,0,0,0,0,1,0,1,0,0,0,0,0,0,0,22.137,24.886,7,109,B,NCTL,ND,1,1,1,-11.5193,-7.196105778676798e-4,0.003900858951633829
2023-wimbledon-1701,Carlos Alcaraz,Novak Djokovic,01:17:34,2,7,94,0,1,3,3,15,0,1,1,1,42,52,0,0,0,0,1,0,B,0,0,0,0,0,1,0,0,0,0,0,0,0,0,67.927,70.53,11,129,W,NCTL,ND,1,1,1,-10.5193,0.0032830877743127013,0.004101112405936637
2023-wimbledon-1701,Carlos Alcaraz,Novak Djokovic,01:18:29,2,7,95,0,1,3,3,30,0,1,2,1,43,52,0,0,0,0,1,0,F,0,0,0,0,0,0,0,0,0,0,0,0,0,0,7.749,7.248,3,100,BC,NCTL,ND,1,1,1,-9.5193,0.0074756544612292475,0.004280491257534522
2023-wimbledon-1701,Carlos Alcaraz,Novak Djokovic,01:19:11,2,7,96,0,1,3,3,40,0,1,1,1,44,52,1,0,1,0,1,0,0,0,0,0,0,0,0,0,0,0,0,0,0,0,0,0.694,0.879,1,119,W,CTL,NA,2,2,1,-8.5193,0.011836925254333469,0.004438439640963807
2023-wimbledon-1701,Carlos Alcaraz,Novak Djokovic,01:21:22,2,8,97,0,1,4,3,0,0,2,2,2,44,53,0,0,0,0,0,1,F,0,0,0,0,0,0,0,0,0,0,0,0,0,0,10.209,8.91,3,104,BW,NCTL,ND,1,2,-1,-9.5193,0.016345249801823697,0.0045745407429347035
2023-wimbledon-1701,Carlos Alcaraz,Novak Djokovic,01:22:31,2,8,98,0,1,4,3,0,15,2,1,1,45,53,0,0,0,0,0,0,0,0,0,0,0,0,0,0,0,0,0,0,0,0,0,47.513,40.412,12,115,C,NCTL,ND,2,2,1.1731,-8.3462,0.02097862930617808,0.004688513976437561
2023-wimbledon-1701,Carlos Alcaraz,Novak Djokovic,01:23:20,2,8,99,0,1,4,3,15,15,2,2,2,45,54,0,0,0,0,0,0,0,0,0,0,0,0,0,0,0,0,0,0,0,0,0,35.813,32.302,9,91,C,NCTL,ND,2,2,-1,-9.3462,0.025714851152100926,0.004780211713011805
2023-wimbledon-1701,Carlos Alcaraz,Novak Djokovic,01:24:23,2,8,100,0,1,4,3,15,30,2,2,2,45,55,0,0,0,0,0,0,0,0,0,0,0,0,0,0,0,0,0,0,0,0,0,13.188,8.947,3,88,B,NCTL,D,2,2,-1,-10.3462,0.030531620057617476,0.004849615600869061
2023-wimbledon-1701,Carlos Alcaraz,Novak Djokovic,01:25:13,2,8,101,0,1,4,3,15,40,2,2,2,45,56,2,0,0,0,0,0,0,0,0,1,0,1,0,0,0,0,0,0,0,0,0,5.991,3.844,1,91,BC,NCTL,D,2,1,-1,-11.3462,0.035406685347327355,0.004896832496347571
2023-wimbledon-1701,Carlos Alcaraz,Novak Djokovic,01:26:03,2,9,102,0,1,4,4,0,0,1,1,2,45,57,0,0,0,0,0,0,0,0,0,1,0,0,0,0,0,0,0,0,0,0,0,5.136,7.151,2,124,C,NCTL,ND,1,1,-1.1731,-12.5193,0.04031796397553522,0.004922090035973981
2023-wimbledon-1701,Carlos Alcaraz,Novak Djokovic,01:26:31,2,9,103,0,1,4,4,0,15,1,2,1,46,57,0,0,0,0,1,0,F,0,0,0,0,0,0,0,0,0,0,0,0,0,0,21.813,24.744,7,108,C,NCTL,ND,1,1,1,-11.5193,0.04524365895291321,0.0049257318762197695
2023-wimbledon-1701,Carlos Alcaraz,Novak Djokovic,01:28:01,2,9,104,0,1,4,4,15,15,1,1,1,47,57,0,0,1,0,1,0,0,0,0,0,0,0,0,0,0,0,0,0,0,0,0,4.555,4.901,1,116,W,CTL,D,1,1,1,-10.5193,0.05016237285793129,0.004908212627770414
2023-wimbledon-1701,Carlos Alcaraz,Novak Djokovic,01:28:26,2,9,105,0,1,4,4,30,15,1,1,1,48,57,0,0,0,0,0,0,0,0,0,0,0,0,0,0,0,0,0,0,0,0,0,24.445,27.729,5,114,C,NCTL,ND,1,1,1,-9.5193,0.05505321614082631,0.004870092510860263
2023-wimbledon-1701,Carlos Alcaraz,Novak Djokovic,01:29:17,2,9,106,0,1,4,4,40,15,1,2,1,49,57,1,0,0,0,0,0,0,0,0,0,0,0,0,0,0,0,0,0,0,0,0,7.039,5.74,1,109,W,CTL,ND,1,2,1,-8.5193,0.05989590995413574,0.0048120317578546346
2023-wimbledon-1701,Carlos Alcaraz,Novak Djokovic,01:31:34,2,10,107,0,1,5,4,0,0,2,1,1,50,57,0,0,0,0,0,0,0,0,0,0,1,0,0,0,0,0,0,0,0,0,0,9.818,8.185,2,125,C,CTL,D,2,2,1.1731,-7.3462,0.06467088327141529,0.004734784789077948
2023-wimbledon-1701,Carlos Alcaraz,Novak Djokovic,01:32:06,2,10,108,0,1,5,4,15,0,2,1,2,50,58,0,0,0,0,0,0,0,0,0,1,0,0,1,0,1,0,0,0,0,0,0,22.897,21.393,5,119,C,NCTL,ND,2,2,-1,-8.3462,0.06935936407720106,0.004639194187334696
2023-wimbledon-1701,Carlos Alcaraz,Novak Djokovic,01:32:50,2,10,109,0,1,5,4,15,15,2,1,2,50,59,0,0,0,0,0,0,0,0,0,0,0,0,0,0,0,0,0,0,0,0,0,38.314,9.701,3,109,W,NCTL,ND,1,2,-1,-9.3462,0.07394346444272448,0.004526184496356209
2023-wimbledon-1701,Carlos Alcaraz,Novak Djokovic,01:33:21,2,10,110,0,1,5,4,15,30,2,1,1,51,59,0,0,0,0,0,0,0,0,0,0,0,0,0,0,0,0,0,0,0,0,0,31.111,23.964,8,115,C,NCTL,ND,2,2,1.1731,-8.1731,0.07840625932241263,0.0043967558679006286
2023-wimbledon-1701,Carlos Alcaraz,Novak Djokovic,01:35:06,2,10,111,0,1,5,4,30,30,2,1,2,51,60,0,0,0,0,0,0,0,0,0,1,0,0,0,0,0,0,0,0,0,0,0,11.433,8.411,3,113,BW,NCTL,ND,1,2,-1,-9.1731,0.08273185893089985,0.004251977581825356
2023-wimbledon-1701,Carlos Alcaraz,Novak Djokovic,01:35:40,2,10,112,0,1,5,4,30,40,2,1,1,52,60,0,0,0,0,0,0,0,0,0,0,0,0,0,0,0,0,0,0,0,0,0,15.698,11.503,4,123,BW,NCTL,ND,2,2,1.1731,-8,0.08690547458759712,0.004092981463027945
2023-wimbledon-1701,Carlos Alcaraz,Novak Djokovic,01:36:21,2,10,113,0,1,5,4,40,40,2,1,2,52,61,0,0,0,0,0,0,0,0,0,1,0,0,0,0,0,0,0,0,0,0,0,46.149,41.892,13,115,BW,NCTL,ND,2,2,-1,-9,0.09091347793554938,0.0039209552186378754
2023-wimbledon-1701,Carlos Alcaraz,Novak Djokovic,01:37:19,2,10,114,0,1,5,4,40,AD,2,2,2,52,62,2,0,0,0,0,0,0,0,0,0,0,0,0,0,0,0,0,0,0,0,0,44.282,51.118,9,85,B,NCTL,D,2,1,-1,-10,0.09474345346842405,0.003737135718360096
2023-wimbledon-1701,Carlos Alcaraz,Novak Djokovic,01:38:38,2,11,115,0,1,5,5,0,0,1,2,2,52,63,0,0,0,0,0,0,0,0,0,1,0,0,0,0,0,0,0,0,0,0,0,15.082,12.785,4,106,BW,NCTL,D,1,1,-1.1731,-11.1731,0.09838424431695014,0.0035428022403983933
2023-wimbledon-1701,Carlos Alcaraz,Novak Djokovic,01:39:23,2,11,116,0,1,5,5,0,15,1,2,1,53,63,0,0,0,0,0,0,0,0,0,0,0,0,0,0,0,0,0,0,0,0,0,51.171,77.904,15,101,BW,NCTL,ND,1,1,1,-10.1731,0.10182599127566516,0.003339269704706674
2023-wimbledon-1701,Carlos Alcaraz,Novak Djokovic,01:40:32,2,11,117,0,1,5,5,15,15,1,1,1,54,63,0,0,0,0,0,0,0,0,0,0,0,0,0,0,0,0,0,0,0,0,0,8.185,5.147,1,110,W,CTL,D,1,1,1,-9.1731,0.10506016506223514,0.003127881915022182
2023-wimbledon-1701,Carlos Alcaraz,Novak Djokovic,01:41:01,2,11,118,0,1,5,5,30,15,1,1,1,55,63,0,0,0,0,0,0,0,0,0,0,0,0,0,0,0,0,0,0,0,0,0,2.423,2.431,1,132,B,NCTL,D,1,1,1,-8.1731,0.10807959183543181,0.002910004830227672
2023-wimbledon-1701,Carlos Alcaraz,Novak Djokovic,01:41:28,2,11,119,0,1,5,5,40,15,1,1,1,56,63,1,0,0,0,0,0,0,0,0,0,0,0,0,0,0,0,0,0,0,0,0,11.46,11.333,1,126,C,CTL,ND,2,2,1,-7.1731,0.11087847200449197,0.002687019885368583
2023-wimbledon-1701,Carlos Alcaraz,Novak Djokovic,01:43:24,2,12,120,0,1,6,5,0,0,2,1,2,56,64,0,0,0,0,0,1,B,0,0,0,0,0,0,0,0,0,0,0,0,0,0,26.376,15.557,5,122,C,CTL,ND,1,2,-1,-8.1731,0.11345239239393012,0.002460317381624555
2023-wimbledon-1701,Carlos Alcaraz,Novak Djokovic,01:44:03,2,12,121,0,1,6,5,0,15,2,2,1,57,64,0,0,0,0,0,0,0,0,1,0,1,0,0,0,0,0,0,0,0,0,0,12.01,7.658,0,NA,C,CTL,ND,2,2,1.1731,-7,0.11579833184187249,0.0022312899643940343
2023-wimbledon-1701,Carlos Alcaraz,Novak Djokovic,01:45:02,2,12,122,0,1,6,5,15,15,2,2,2,57,65,0,0,0,0,0,0,0,0,0,0,0,0,0,0,0,0,0,0,0,0,0,4.405,3.63,1,103,BW,NCTL,D,1,2,-1,-8,0.1179146603248733,0.0020013262075559146
2023-wimbledon-1701,Carlos Alcaraz,Novak Djokovic,01:45:46,2,12,123,0,1,6,5,15,30,2,1,1,58,65,0,0,0,0,0,0,0,0,0,0,1,0,0,0,0,0,0,0,0,0,0,57.365,26.817,8,122,C,NCTL,D,2,2,1.1731,-6.8269,0.11980113173108564,0.001771804321639342
2023-wimbledon-1701,Carlos Alcaraz,Novak Djokovic,01:46:31,2,12,124,0,1,6,5,30,30,2,1,2,58,66,0,0,0,0,0,0,0,0,0,0,0,0,0,0,0,0,0,0,0,0,0,20.863,8.984,1,123,C,NCTL,D,2,2,-1,-7.8269,0.12145887040754522,0.0015440860027992886
2023-wimbledon-1701,Carlos Alcaraz,Novak Djokovic,01:46:59,2,12,125,0,1,6,5,30,40,2,1,2,58,67,2,0,0,0,0,0,0,0,0,0,0,0,0,0,0,0,0,0,0,0,0,9.221,4.985,1,121,C,NCTL,D,2,1,-1,-8.8269,0.12289035163652873,0.0013195104388975532
2023-wimbledon-1701,Carlos Alcaraz,Novak Djokovic,01:47:38,2,13,126,0,1,6,6,0,0,1,2,2,58,68,0,0,0,0,0,0,0,0,0,1,0,0,0,0,0,0,0,0,0,0,0,18.221,19.372,4,106,BC,NCTL,D,2,2,-1.1731,-10,0.12409937620085731,0.0010993884882969374
2023-wimbledon-1701,Carlos Alcaraz,Novak Djokovic,01:48:37,2,13,127,0,1,6,6,0,1,2,1,2,58,69,0,0,0,0,0,0,0,0,0,0,0,0,0,0,0,0,0,0,0,0,0,14.208,9.977,1,118,C,NCTL,D,2,2,-1,-11,0.12509103922078335,8.849970461617951e-4
2023-wimbledon-1701,Carlos Alcaraz,Novak Djokovic,01:49:07,2,13,128,0,1,6,6,0,2,2,1,2,58,70,0,0,0,0,0,0,0,0,0,0,0,0,0,0,0,0,0,0,0,0,0,7.534,5.259,1,124,C,NCTL,ND,1,1,-1,-12,0.12587169345858396,6.775736125615717e-4
2023-wimbledon-1701,Carlos Alcaraz,Novak Djokovic,01:49:43,2,13,129,0,1,6,6,0,3,1,1,1,59,70,0,0,0,0,0,0,0,0,0,0,0,0,0,0,0,0,0,0,0,0,0,3.906,7.066,1,128,W,CTL,D,1,1,1,-11,0.12644890729621583,4.783110757186071e-4
2023-wimbledon-1701,Carlos Alcaraz,Novak Djokovic,01:50:07,2,13,130,0,1,6,6,1,3,1,1,1,60,70,0,0,1,0,1,0,0,0,0,0,0,0,0,0,0,0,0,0,0,0,0,0.88,0.917,1,109,W,CTL,NA,1,2,1,-10,0.1268314176090648,2.883527231835603e-4
2023-wimbledon-1701,Carlos Alcaraz,Novak Djokovic,01:50:45,2,13,131,0,1,6,6,2,3,2,1,1,61,70,0,0,0,0,0,0,0,0,0,0,1,0,0,0,0,0,0,0,0,0,0,17.479,7.601,2,123,W,CTL,ND,2,2,1.1731,-8.8269,0.12702907777084604,1.0878749292903e-4
2023-wimbledon-1701,Carlos Alcaraz,Novak Djokovic,01:51:49,2,13,132,0,1,6,6,3,3,2,1,2,61,71,0,0,0,0,0,0,0,0,0,0,0,0,0,0,0,0,0,0,0,0,0,25.206,13.676,5,122,C,NCTL,ND,1,1,-1,-9.8269,0.1270528010338774,-5.9354524534815933e-05
2023-wimbledon-1701,Carlos Alcaraz,Novak Djokovic,01:52:29,2,13,133,0,1,6,6,3,4,1,2,1,62,71,0,0,0,0,1,0,F,0,0,0,0,0,0,0,0,0,0,0,0,0,0,7.205,9.965,3,101,W,CTL,ND,1,1,1,-8.8269,0.12691449954049272,-2.1510632228194382e-4
2023-wimbledon-1701,Carlos Alcaraz,Novak Djokovic,01:53:15,2,13,134,0,1,6,6,4,4,1,1,1,63,71,0,0,0,0,1,0,F,0,0,0,0,0,0,0,0,0,0,0,0,0,0,49.102,57.632,13,128,C,NCTL,ND,2,2,1,-7.8269,0.12662701923503494,-3.575679419333122e-4
2023-wimbledon-1701,Carlos Alcaraz,Novak Djokovic,01:54:58,2,13,135,0,1,6,6,5,4,2,2,2,63,72,0,0,0,0,0,0,0,0,0,0,0,1,0,0,0,0,0,0,0,0,0,19.692,21.44,5,112,BC,NCTL,ND,2,2,-1,-8.8269,0.12620407094859587,-4.8591015815907523e-4
2023-wimbledon-1701,Carlos Alcaraz,Novak Djokovic,01:56:00,2,13,136,0,1,6,6,5,5,2,1,2,63,73,0,0,0,0,0,1,B,0,0,0,0,1,0,0,0,0,0,0,0,0,0,56.398,56.597,17,121,C,NCTL,D,1,1,-1,-9.8269,0.12566015794350527,-5.993778748769607e-4
2023-wimbledon-1701,Carlos Alcaraz,Novak Djokovic,01:57:02,2,13,137,0,1,6,6,5,6,1,1,1,64,73,0,0,0,0,0,0,0,0,0,0,1,0,0,0,0,0,0,0,0,0,0,22.045,10.921,3,120,W,NCTL,D,1,1,1,-8.8269,0.1250105002102888,-6.972932254394326e-4
2023-wimbledon-1701,Carlos Alcaraz,Novak Djokovic,01:58:15,2,13,138,0,1,6,6,6,6,1,2,1,65,73,0,0,0,0,0,0,0,0,0,0,1,0,0,0,0,0,0,0,0,0,0,10.338,11.191,3,97,BC,CTL,ND,1,2,1,-7.8269,0.12427095581188397,-7.79058370300123e-4
2023-wimbledon-1701,Carlos Alcaraz,Novak Djokovic,01:59:06,2,13,139,0,1,6,6,7,6,2,1,1,66,73,1,1,0,0,1,0,B,0,0,0,0,0,1,0,0,0,0,0,0,0,0,5.329,5.955,2,118,W,CTL,D,1,2,1.1731,-6.6538,0.12345793958745332,-8.441579862905613e-4
2023-wimbledon-1701,Carlos Alcaraz,Novak Djokovic,02:02:01,3,1,140,1,1,0,0,0,0,2,1,1,67,73,0,0,0,0,0,0,0,0,0,0,1,0,0,0,0,0,0,0,0,0,0,14.737,7.867,2,106,W,CTL,D,2,2,1.1731,-5.480700000000001,0.12258833952140336,-8.921614424541868e-4
2023-wimbledon-1701,Carlos Alcaraz,Novak Djokovic,02:02:31,3,1,141,1,1,0,0,15,0,2,1,2,67,74,0,0,0,0,0,0,0,0,0,1,0,0,0,0,0,0,0,0,0,0,0,48.376,52.512,13,121,W,NCTL,D,2,2,-1,-6.480700000000001,0.12167943109513857,-9.227246580360005e-4
2023-wimbledon-1701,Carlos Alcaraz,Novak Djokovic,02:03:20,3,1,142,1,1,0,0,15,15,2,1,2,67,75,0,0,0,1,0,1,0,0,0,0,0,0,0,0,0,0,0,0,0,0,0,6.161,4.586,1,110,W,CTL,NA,1,2,-1,-7.480700000000001,0.12074878994286387,-9.355916391072805e-4
2023-wimbledon-1701,Carlos Alcaraz,Novak Djokovic,02:04:02,3,1,143,1,1,0,0,15,30,2,1,1,68,75,0,0,0,0,1,0,B,0,0,0,0,0,0,0,0,0,0,0,0,0,0,21.503,16.386,6,123,W,NCTL,ND,1,2,1.1731,-6.307600000000001,0.11981420312954505,-9.305956912508684e-4
2023-wimbledon-1701,Carlos Alcaraz,Novak Djokovic,02:04:40,3,1,144,1,1,0,0,30,30,2,1,1,69,75,0,0,0,0,0,0,0,0,0,0,0,1,0,1,0,0,0,0,0,0,0,61.566,40.594,10,109,W,CTL,ND,2,2,1.1731,-5.134500000000001,0.11889357938117406,-9.076603060637067e-4
2023-wimbledon-1701,Carlos Alcaraz,Novak Djokovic,02:05:29,3,1,145,1,1,0,0,40,30,2,2,2,69,76,0,0,0,0,0,0,0,0,0,1,0,0,0,0,0,1,0,0,0,1,0,6.133,5.221,1,91,W,CTL,D,1,2,-1,-6.134500000000001,0.11800485859511234,-8.667997205691336e-4
2023-wimbledon-1701,Carlos Alcaraz,Novak Djokovic,02:06:14,3,1,146,1,1,0,0,40,40,2,1,1,70,76,0,0,0,0,1,0,B,0,0,0,0,0,1,0,0,0,0,0,0,0,0,40.155,39.991,12,125,B,NCTL,ND,1,2,1.1731,-4.961400000000001,0.11716592094586531,-8.081191488118478e-4
2023-wimbledon-1701,Carlos Alcaraz,Novak Djokovic,02:07:43,3,1,147,1,1,0,0,AD,40,2,2,1,71,76,1,0,0,0,0,0,0,0,0,0,1,0,0,0,0,1,0,1,0,0,0,17.37,16.764,4,83,B,NCTL,ND,2,1,1.1731,-3.7883000000000013,0.11639449593314666,-7.318146862654862e-4
2023-wimbledon-1701,Carlos Alcaraz,Novak Djokovic,02:09:21,3,2,148,1,1,1,0,0,0,1,1,2,71,77,0,0,0,0,0,0,0,0,0,1,0,0,0,0,0,0,0,0,0,0,0,82.852,81.82,18,113,BW,NCTL,NA,1,1,-1.1731,-4.961400000000001,0.11570807168247299,-6.381728880342497e-4
2023-wimbledon-1701,Carlos Alcaraz,Novak Djokovic,02:10:13,3,2,149,1,1,1,0,0,15,1,1,1,72,77,0,0,0,0,0,0,0,0,0,0,0,0,0,0,0,0,0,0,0,0,0,6.12,8.534,1,120,C,NCTL,ND,1,1,1,-3.961400000000001,0.11512380483164542,-5.275700225713109e-4
2023-wimbledon-1701,Carlos Alcaraz,Novak Djokovic,02:10:37,3,2,150,1,1,1,0,15,15,1,1,1,73,77,0,0,0,0,0,0,0,0,0,0,0,0,0,0,0,0,0,0,0,0,0,4.728,7.153,1,120,BC,CTL,D,1,1,1,-2.961400000000001,0.11465843132497966,-4.0047100384810186e-4
2023-wimbledon-1701,Carlos Alcaraz,Novak Djokovic,02:11:03,3,2,151,1,1,1,0,30,15,1,2,1,74,77,0,0,0,0,0,0,0,0,0,0,1,0,0,0,0,0,0,0,0,0,0,12.798,9.835,3,91,BW,NCTL,D,2,1,1,-1.9614000000000011,0.11432817843487442,-2.574280050822164e-4
2023-wimbledon-1701,Carlos Alcaraz,Novak Djokovic,02:11:49,3,2,152,1,1,1,0,40,15,1,2,2,74,78,0,0,0,0,0,0,0,0,0,1,0,0,0,0,0,0,0,0,0,0,0,17.795,20.948,4,96,B,NCTL,D,1,1,-1.1731,-3.134500000000001,0.11414867832649733,-9.907875816139722e-5
2023-wimbledon-1701,Carlos Alcaraz,Novak Djokovic,02:12:32,3,2,153,1,1,1,0,40,30,1,1,1,75,78,1,0,0,0,0,0,0,0,0,0,0,0,0,0,0,0,0,0,0,0,0,5.943,9.73,1,126,B,NCTL,ND,2,2,1,-2.134500000000001,0.11413488347722378,7.385545624960521e-5
2023-wimbledon-1701,Carlos Alcaraz,Novak Djokovic,02:13:01,3,3,154,1,1,2,0,0,0,2,1,2,75,79,0,0,0,0,0,0,0,0,0,0,0,0,0,0,0,0,0,0,0,0,0,5.689,4.021,1,120,C,NCTL,ND,1,2,-1,-3.134500000000001,0.11430098426346547,2.605721226334179e-4
2023-wimbledon-1701,Carlos Alcaraz,Novak Djokovic,02:13:21,3,3,155,1,1,2,0,0,15,2,1,1,76,79,0,0,0,0,1,0,F,0,0,0,0,1,0,1,0,0,0,0,0,0,0,59.146,47.871,16,120,W,NCTL,D,1,2,1.1731,-1.961400000000001,0.11466032900226608,4.6019010198983246e-4
2023-wimbledon-1701,Carlos Alcaraz,Novak Djokovic,02:14:16,3,3,156,1,1,2,0,15,15,2,1,1,77,79,0,0,0,0,0,0,0,0,0,0,1,0,0,0,0,0,0,0,0,0,0,22.259,21.156,6,120,C,NCTL,D,2,2,1.1731,-0.7883000000000009,0.11522534675824758,6.717525340234065e-4
2023-wimbledon-1701,Carlos Alcaraz,Novak Djokovic,02:14:54,3,3,157,1,1,2,0,30,15,2,2,2,77,80,0,0,0,0,0,0,0,0,0,0,0,0,1,0,1,0,0,0,0,0,0,50.638,36.217,11,101,BW,CTL,ND,2,2,-1,-1.7883000000000009,0.11600747319010196,8.942300222634092e-4
2023-wimbledon-1701,Carlos Alcaraz,Novak Djokovic,02:16:00,3,3,158,1,1,2,0,30,30,2,1,2,77,81,0,0,0,0,0,0,0,0,0,0,0,0,0,0,0,0,0,0,0,0,0,10.845,5.871,1,115,W,CTL,D,2,2,-1,-2.788300000000001,0.11701707972425979,0.001126524093942649
2023-wimbledon-1701,Carlos Alcaraz,Novak Djokovic,02:16:45,3,3,159,1,1,2,0,30,40,2,2,2,77,82,2,0,0,0,0,0,0,0,0,0,0,0,0,0,0,0,0,0,0,0,0,6.171,4.287,1,109,BC,NCTL,ND,1,1,-1,-3.788300000000001,0.11826340631334986,0.0013674709254947182
2023-wimbledon-1701,Carlos Alcaraz,Novak Djokovic,02:19:00,3,4,160,1,1,2,1,0,0,1,1,1,78,82,0,0,0,0,0,0,0,0,0,0,1,0,0,0,0,0,0,0,0,0,0,36.011,77.318,11,115,W,CTL,ND,2,1,1,-2.788300000000001,0.11975449806534755,0.0016158453242525184
2023-wimbledon-1701,Carlos Alcaraz,Novak Djokovic,02:19:40,3,4,161,1,1,2,1,15,0,1,1,2,78,83,0,0,0,0,0,0,0,0,0,1,0,1,0,0,0,0,0,0,0,0,0,9.308,12.899,2,114,C,NCTL,ND,2,1,-1.1731,-3.961400000000001,0.12149714595869199,0.0018703649557405555
2023-wimbledon-1701,Carlos Alcaraz,Novak Djokovic,02:20:07,3,4,162,1,1,2,1,15,15,1,1,2,78,84,0,0,0,0,0,0,0,0,0,1,0,1,0,0,0,0,0,0,0,0,0,15.465,16.482,4,113,BC,NCTL,ND,2,1,-1.1731,-5.134500000000001,0.12349683191690275,0.00212969480613312
2023-wimbledon-1701,Carlos Alcaraz,Novak Djokovic,02:20:41,3,4,163,1,1,2,1,15,30,1,2,2,78,85,0,0,0,0,0,0,0,0,0,1,0,0,0,0,0,0,0,0,0,0,0,33.253,33.692,10,102,BW,NCTL,ND,1,1,-1.1731,-6.307600000000001,0.1257576784538159,0.002392451868032275
2023-wimbledon-1701,Carlos Alcaraz,Novak Djokovic,02:21:37,3,4,164,1,1,2,1,15,40,1,2,1,79,85,0,0,0,0,0,0,0,0,0,0,1,0,0,0,0,0,1,0,0,0,1,30.944,34.291,9,102,BC,NCTL,ND,1,1,1,-5.307600000000001,0.12828240311176842,0.0026572100374737673
2023-wimbledon-1701,Carlos Alcaraz,Novak Djokovic,02:22:32,3,4,165,1,1,2,1,30,40,1,2,1,80,85,0,0,0,0,1,0,0,0,0,0,0,0,0,0,0,0,1,0,0,0,1,1.526,1.532,1,112,BC,NCTL,NA,1,1,1,-4.307600000000001,0.13107227789344478,0.0029225052097490156
2023-wimbledon-1701,Carlos Alcaraz,Novak Djokovic,02:23:42,3,4,166,1,1,2,1,40,40,1,2,1,81,85,0,0,0,0,1,0,F,0,0,0,0,1,0,1,0,0,0,0,0,0,0,11.614,10.625,3,97,C,NCTL,ND,1,1,1,-3.3076000000000008,0.1341270938942145,0.0031868405607213823
2023-wimbledon-1701,Carlos Alcaraz,Novak Djokovic,02:24:29,3,4,167,1,1,2,1,AD,40,1,1,1,82,85,1,0,0,0,0,0,0,0,0,0,0,0,0,0,0,0,0,0,0,0,0,7.867,6.42,1,128,C,NCTL,D,1,2,1,-2.3076000000000008,0.1374451312853111,0.003448691999793585
2023-wimbledon-1701,Carlos Alcaraz,Novak Djokovic,02:26:08,3,5,168,1,1,3,1,0,0,2,1,1,83,85,0,0,0,0,0,0,0,0,0,0,0,0,1,0,0,0,0,0,0,0,0,11.662,11.26,2,109,W,NCTL,NA,2,2,1.1731,-1.1345000000000007,0.14102313485074092,0.0037065137804703774
2023-wimbledon-1701,Carlos Alcaraz,Novak Djokovic,02:26:35,3,5,169,1,1,3,1,15,0,2,2,2,83,86,0,0,0,0,0,0,0,0,0,0,0,0,0,0,0,0,0,0,0,0,0,5.66,5.121,1,109,BC,NCTL,D,2,2,-1,-2.134500000000001,0.14485629518835452,0.003958744253676372
2023-wimbledon-1701,Carlos Alcaraz,Novak Djokovic,02:27:11,3,5,170,1,1,3,1,15,15,2,2,2,83,87,0,0,0,0,0,0,0,0,0,0,0,0,0,0,0,0,0,0,0,0,0,11.628,10.26,3,87,BC,NCTL,D,2,2,-1,-3.134500000000001,0.1489382357437279,0.004203811748584307
2023-wimbledon-1701,Carlos Alcaraz,Novak Djokovic,02:28:31,3,5,171,1,1,3,1,15,30,2,2,2,83,88,0,0,0,0,0,1,B,0,0,0,0,0,1,0,1,0,0,0,0,0,0,22.347,20.587,5,84,BW,NCTL,ND,1,2,-1,-4.134500000000001,0.1532610057702044,0.004440140565332484
2023-wimbledon-1701,Carlos Alcaraz,Novak Djokovic,02:29:41,3,5,172,1,1,3,1,15,40,2,2,1,84,88,0,0,0,0,1,0,F,0,0,0,0,1,0,1,0,0,0,0,0,0,0,14.057,10.284,4,92,C,NCTL,ND,1,2,1.1731,-2.961400000000001,0.15781507934315187,0.004666157063527798
2023-wimbledon-1701,Carlos Alcaraz,Novak Djokovic,02:30:22,3,5,173,1,1,3,1,30,40,2,1,1,85,88,0,0,0,0,0,0,0,0,0,0,1,0,0,0,0,0,0,0,0,0,0,10.594,9.202,2,118,BW,NCTL,ND,2,2,1.1731,-1.7883000000000011,0.1625893604931008,0.004880295830224313
2023-wimbledon-1701,Carlos Alcaraz,Novak Djokovic,02:30:52,3,5,174,1,1,3,1,40,40,2,2,2,85,89,0,0,0,0,0,1,F,0,0,0,0,0,1,0,1,0,0,0,0,0,0,8.528,5.6,3,98,C,NCTL,ND,1,2,-1,-2.7883000000000013,0.16757119454454994,0.005081005910172465
2023-wimbledon-1701,Carlos Alcaraz,Novak Djokovic,02:31:32,3,5,175,1,1,3,1,40,AD,2,2,1,86,89,0,0,0,0,0,0,0,0,0,0,0,0,0,0,0,0,0,0,0,0,0,49.295,41.442,12,93,B,NCTL,ND,2,2,1.1731,-1.6152000000000013,0.17274638570974332,0.005266757081203721
2023-wimbledon-1701,Carlos Alcaraz,Novak Djokovic,02:32:34,3,5,176,1,1,3,1,40,40,2,1,2,86,90,0,0,0,0,0,1,B,0,0,0,0,0,0,0,0,0,0,0,0,0,0,30.711,22.401,9,110,W,CTL,ND,1,2,-1,-2.6152000000000015,0.17809922097120534,0.00543604615778559
2023-wimbledon-1701,Carlos Alcaraz,Novak Djokovic,02:33:15,3,5,177,1,1,3,1,40,AD,2,1,1,87,90,0,0,0,0,0,0,0,0,0,0,1,0,0,0,0,0,0,0,0,0,0,17.179,9.529,2,115,BW,CTL,ND,1,2,1.1731,-1.4421000000000015,0.18361250027498954,0.0055874033035365755
2023-wimbledon-1701,Carlos Alcaraz,Novak Djokovic,02:34:06,3,5,178,1,1,3,1,40,40,2,1,1,88,90,0,0,0,0,0,0,0,0,0,0,1,0,0,0,0,0,0,0,0,0,0,12.06,8.731,2,120,C,NCTL,D,2,2,1.1731,-0.26900000000000146,0.18926757303108843,0.005719398336391457
2023-wimbledon-1701,Carlos Alcaraz,Novak Djokovic,02:34:44,3,5,179,1,1,3,1,AD,40,2,1,2,88,91,0,0,0,0,0,0,0,0,0,0,0,0,0,0,0,1,0,0,0,1,0,23.133,17.896,5,122,C,NCTL,D,2,2,-1,-1.2690000000000015,0.19504438091466625,0.005830647006292544
2023-wimbledon-1701,Carlos Alcaraz,Novak Djokovic,02:35:17,3,5,180,1,1,3,1,40,40,2,2,2,88,92,0,0,0,0,0,1,F,0,0,0,0,0,0,0,0,0,0,0,0,0,0,19.597,19.454,7,105,B,NCTL,ND,1,2,-1,-2.2690000000000015,0.20092150691290556,0.005919817228153157
2023-wimbledon-1701,Carlos Alcaraz,Novak Djokovic,02:36:24,3,5,181,1,1,3,1,40,AD,2,1,1,89,92,0,0,0,0,0,0,0,0,0,0,1,0,0,0,0,0,0,0,0,0,0,16.92,13.841,4,109,C,NCTL,ND,1,2,1.1731,-1.0959000000000014,0.20687623058708482,0.005985635250450372
2023-wimbledon-1701,Carlos Alcaraz,Novak Djokovic,02:38:07,3,5,182,1,1,3,1,40,40,2,2,1,90,92,0,0,0,0,0,0,0,0,1,0,1,0,0,0,0,0,0,0,0,0,0,4.841,3.234,0,NA,W,CTL,ND,2,2,1.1731,0.0771999999999986,0.2128845894534379,0.006026891741012008
2023-wimbledon-1701,Carlos Alcaraz,Novak Djokovic,02:38:49,3,5,183,1,1,3,1,AD,40,2,1,2,90,93,0,0,0,0,0,0,0,0,0,0,0,0,0,0,0,1,0,0,0,1,0,26.683,28.15,7,118,W,NCTL,D,2,2,-1,-0.9228000000000014,0.21892144640179367,0.006042447770401083
2023-wimbledon-1701,Carlos Alcaraz,Novak Djokovic,02:39:29,3,5,184,1,1,3,1,40,40,2,1,2,90,94,0,0,0,0,0,1,F,0,0,0,0,0,1,0,1,0,0,0,0,0,0,32.655,18.565,7,120,C,NCTL,ND,1,2,-1,-1.9228000000000014,0.22496056304183298,0.006031240674872151
2023-wimbledon-1701,Carlos Alcaraz,Novak Djokovic,02:40:07,3,5,185,1,1,3,1,40,AD,2,2,1,91,94,0,0,0,0,0,0,0,0,0,0,0,0,0,0,0,0,0,0,0,0,0,9.576,7.279,2,89,BW,NCTL,ND,1,2,1.1731,-0.7497000000000014,0.23097467884446132,0.005992289777928761
2023-wimbledon-1701,Carlos Alcaraz,Novak Djokovic,02:41:01,3,5,186,1,1,3,1,40,40,2,2,1,92,94,0,0,0,0,0,0,0,0,0,0,1,0,0,0,0,0,0,0,0,0,0,49.941,49.722,14,111,BW,NCTL,ND,2,2,1.1731,0.42339999999999867,0.23693559592118163,0.0059247019526740274
2023-wimbledon-1701,Carlos Alcaraz,Novak Djokovic,02:42:05,3,5,187,1,1,3,1,AD,40,2,1,2,92,95,0,0,0,0,0,0,0,0,0,0,0,0,1,0,1,1,0,0,0,1,0,15.414,12.083,3,117,C,NCTL,ND,2,2,-1,-0.5766000000000013,0.24281426928516225,0.005827677005639131
2023-wimbledon-1701,Carlos Alcaraz,Novak Djokovic,02:42:38,3,5,188,1,1,3,1,40,40,2,1,2,92,96,0,0,0,0,0,0,0,0,0,1,0,0,0,0,0,0,0,0,0,0,0,21.307,19.946,5,122,C,NCTL,ND,1,2,-1,-1.5766000000000013,0.24858090238777208,0.005700512861467999
2023-wimbledon-1701,Carlos Alcaraz,Novak Djokovic,02:43:11,3,5,189,1,1,3,1,40,AD,2,1,1,93,96,0,0,0,0,0,0,0,0,0,0,1,0,0,0,0,0,0,0,0,0,0,39.681,33.505,10,120,BC,NCTL,ND,1,2,1.1731,-0.4035000000000013,0.25420504774754704,0.00554261053143712
2023-wimbledon-1701,Carlos Alcaraz,Novak Djokovic,02:44:03,3,5,190,1,1,3,1,40,40,2,2,1,94,96,0,0,0,0,0,0,0,0,0,0,0,0,0,0,0,0,0,0,0,0,0,32.354,34.417,8,93,B,NCTL,ND,2,2,1.1731,0.7695999999999987,0.2596557124182368,0.005353478844799753
2023-wimbledon-1701,Carlos Alcaraz,Novak Djokovic,02:45:06,3,5,191,1,1,3,1,AD,40,2,1,2,94,97,0,0,0,0,0,0,0,0,0,0,0,0,1,0,1,1,0,0,0,1,0,18.119,15.185,3,122,W,CTL,NA,1,2,-1,-0.23040000000000127,0.2649014680654034,0.0051327389256794476
2023-wimbledon-1701,Carlos Alcaraz,Novak Djokovic,02:45:39,3,5,192,1,1,3,1,40,40,2,2,1,95,97,0,0,0,0,0,0,0,0,0,0,1,0,1,0,0,0,0,0,0,0,0,24.36,14.498,4,111,W,NCTL,ND,2,2,1.1731,0.9426999999999988,0.2699105653946958,0.004880128395450711
2023-wimbledon-1701,Carlos Alcaraz,Novak Djokovic,02:46:35,3,5,193,1,1,3,1,AD,40,2,1,2,95,98,0,0,0,0,0,0,0,0,0,0,0,0,0,0,0,1,0,0,0,1,0,8.69,5.85,1,120,C,NCTL,ND,1,2,-1,-0.05730000000000124,0.2746510526169459,0.0045955052835449095
2023-wimbledon-1701,Carlos Alcaraz,Novak Djokovic,02:47:01,3,5,194,1,1,3,1,40,40,2,1,1,96,98,0,0,0,0,0,0,0,0,0,0,0,0,0,0,0,0,0,0,0,0,0,33.074,32.149,8,118,C,CTL,D,2,2,1.1731,1.1157999999999988,0.27909089769758566,0.004278851627079305
2023-wimbledon-1701,Carlos Alcaraz,Novak Djokovic,02:47:47,3,5,195,1,1,3,1,AD,40,2,2,2,96,99,0,0,0,0,0,0,0,0,0,0,0,0,0,0,0,1,0,0,0,1,0,12.75,13.536,1,107,BC,NCTL,D,2,2,-1,0.11579999999999879,0.2831981140126345,0.003930276742906358
2023-wimbledon-1701,Carlos Alcaraz,Novak Djokovic,02:48:55,3,5,196,1,1,3,1,40,40,2,2,2,96,100,0,0,0,0,0,0,0,0,0,1,0,0,0,0,0,0,0,0,0,0,0,33.545,25.644,9,102,BW,NCTL,ND,1,2,-1,-0.8842000000000012,0.28694088913761107,0.0035500201528293474
2023-wimbledon-1701,Carlos Alcaraz,Novak Djokovic,02:50:04,3,5,197,1,1,3,1,40,AD,2,2,1,97,100,0,0,0,0,1,0,B,0,0,0,0,0,1,0,0,0,0,0,0,0,0,41.181,29.979,10,101,BC,NCTL,ND,1,2,1.1731,0.2888999999999988,0.2902877163465405,0.0031384541463381765
2023-wimbledon-1701,Carlos Alcaraz,Novak Djokovic,02:51:11,3,5,198,1,1,3,1,40,40,2,1,1,98,100,0,0,0,0,0,0,0,0,0,0,1,0,0,0,0,0,0,0,0,0,0,51.822,38.664,10,113,W,CTL,ND,1,2,1.1731,1.4619999999999989,0.2932075285177689,0.002696085963645345
2023-wimbledon-1701,Carlos Alcaraz,Novak Djokovic,02:52:06,3,5,199,1,1,3,1,AD,40,2,1,1,99,100,1,0,0,0,0,0,0,0,0,0,1,0,0,0,0,1,0,1,0,0,0,8.884,6.658,2,123,B,CTL,ND,1,1,1.1731,2.6350999999999987,0.29566983400843583,0.0022235595818962395
2023-wimbledon-1701,Carlos Alcaraz,Novak Djokovic,02:54:24,3,6,200,1,1,4,1,0,0,1,1,1,100,100,0,0,0,0,0,0,0,0,0,0,0,0,0,0,0,0,0,0,0,0,0,8.389,9.606,1,129,B,NCTL,D,1,1,1,3.6350999999999987,0.29764485410197494,0.0017216570907514495
2023-wimbledon-1701,Carlos Alcaraz,Novak Djokovic,02:54:45,3,6,201,1,1,4,1,15,0,1,1,1,101,100,0,0,0,0,0,0,0,0,0,0,1,0,0,0,0,0,0,0,0,0,0,22.923,24.883,5,119,C,NCTL,ND,1,1,1,4.635099999999999,0.2991036616478482,0.0011912996400518239
2023-wimbledon-1701,Carlos Alcaraz,Novak Djokovic,02:55:21,3,6,202,1,1,4,1,30,0,1,1,1,102,100,0,0,0,0,0,0,0,0,0,0,0,0,0,0,0,0,0,0,0,0,0,3.746,3.473,1,114,BC,CTL,ND,2,1,1,5.635099999999999,0.30001832041756415,6.33547946002011e-4
2023-wimbledon-1701,Carlos Alcaraz,Novak Djokovic,02:55:41,3,6,203,1,1,4,1,40,0,1,1,2,102,101,0,0,0,0,0,0,0,0,0,0,0,0,0,0,0,0,0,0,0,0,0,6.683,9.284,2,120,W,CTL,D,1,1,-1.1731,4.461999999999999,0.3003620246918217,4.960234266349062e-5
2023-wimbledon-1701,Carlos Alcaraz,Novak Djokovic,02:56:03,3,6,204,1,1,4,1,40,15,1,2,1,103,101,1,0,0,0,0,0,0,0,0,0,0,0,0,0,0,0,0,0,0,0,0,10.654,8.278,1,112,C,NCTL,D,1,2,1,5.461999999999999,0.30010923877057394,-5.591976361181139e-4
2023-wimbledon-1701,Carlos Alcaraz,Novak Djokovic,02:57:04,3,7,205,1,1,5,1,0,0,2,1,1,104,101,0,0,0,0,1,0,F,0,0,0,0,0,1,0,0,0,0,0,0,0,0,10.872,10.246,4,111,BW,CTL,ND,1,2,1.1731,6.635099999999999,0.29923583571996915,-0.001191374155464331
2023-wimbledon-1701,Carlos Alcaraz,Novak Djokovic,02:57:28,3,7,206,1,1,5,1,15,0,2,2,1,105,101,0,0,0,0,1,0,F,0,0,0,0,0,0,0,0,0,0,0,0,0,0,5.061,3.435,2,108,BC,NCTL,ND,1,2,1.1731,7.8081999999999985,0.297719235029831,-0.0018453124708166513
2023-wimbledon-1701,Carlos Alcaraz,Novak Djokovic,02:58:04,3,7,207,1,1,5,1,30,0,2,1,1,106,101,0,0,0,0,0,0,0,0,0,0,1,0,1,0,0,0,0,0,0,0,0,12.479,9.074,2,118,C,NCTL,NA,2,2,1.1731,8.9813,0.2955385386209173,-0.0025192628239878445
2023-wimbledon-1701,Carlos Alcaraz,Novak Djokovic,02:58:24,3,7,208,1,1,5,1,40,0,2,1,2,106,102,0,0,0,0,0,0,0,0,0,0,0,0,1,0,1,1,0,0,0,1,0,4.957,5.897,1,119,BW,NCTL,D,1,2,-1,7.981299999999999,0.2926746647113987,-0.0032113428517845932
2023-wimbledon-1701,Carlos Alcaraz,Novak Djokovic,02:58:42,3,7,209,1,1,5,1,40,15,2,1,1,107,102,1,1,0,0,1,0,B,0,0,0,0,0,1,0,0,1,0,1,0,0,0,11.257,11.635,4,121,BC,NCTL,NA,2,1,1.1731,9.154399999999999,0.2891104789722476,-0.00391954051694654
2023-wimbledon-1701,Carlos Alcaraz,Novak Djokovic,03:06:09,4,1,210,2,1,0,0,0,0,1,1,2,107,103,0,0,0,0,0,0,0,0,0,0,0,0,0,0,0,0,0,0,0,0,0,17.067,18.813,4,116,BW,NCTL,ND,2,1,-1.1731,7.981299999999999,0.2848309225277035,-0.00464171757079157
2023-wimbledon-1701,Carlos Alcaraz,Novak Djokovic,03:06:36,4,1,211,2,1,0,0,0,15,1,2,2,107,104,0,0,0,0,0,0,0,1,0,1,0,0,0,0,0,0,0,0,0,0,0,3.792,3.847,0,NA,BW,CTL,NA,1,1,-1.1731,6.808199999999999,0.27982313621555477,-0.005375613553226799
2023-wimbledon-1701,Carlos Alcaraz,Novak Djokovic,03:07:16,4,1,212,2,1,0,0,0,30,1,1,1,108,104,0,0,0,0,0,0,0,0,0,0,0,0,0,0,0,0,0,0,0,0,0,5.53,6.285,1,130,C,NCTL,ND,1,1,1,7.808199999999999,0.27407658056586115,-0.006118850334871695
2023-wimbledon-1701,Carlos Alcaraz,Novak Djokovic,03:07:56,4,1,213,2,1,0,0,15,30,1,1,1,109,104,0,0,0,0,0,0,0,0,0,0,0,0,0,0,0,0,0,0,0,0,0,18.118,31.364,5,128,BW,CTL,ND,1,1,1,8.8082,0.2675831509912996,-0.006868937208537318
2023-wimbledon-1701,Carlos Alcaraz,Novak Djokovic,03:08:31,4,1,214,2,1,0,0,30,30,1,1,1,110,104,0,0,0,0,0,0,0,0,0,0,0,1,0,1,0,0,0,0,0,0,0,36.133,28.944,5,118,BC,NCTL,ND,1,1,1,9.8082,0.26033728754953245,-0.00762327653224304
2023-wimbledon-1701,Carlos Alcaraz,Novak Djokovic,03:09:09,4,1,215,2,1,0,0,40,30,1,1,1,111,104,1,0,0,0,0,0,0,0,0,0,0,1,0,1,0,0,0,0,0,0,0,8.777,21.412,1,123,C,NCTL,ND,1,2,1,10.8082,0.252336078855933,-0.008379169924346286
2023-wimbledon-1701,Carlos Alcaraz,Novak Djokovic,03:10:06,4,2,216,2,1,1,0,0,0,2,1,1,112,104,0,0,0,0,0,0,0,0,0,0,0,0,0,0,0,0,0,0,0,0,0,121.06,36.759,12,108,BW,NCTL,ND,1,2,1.1731,11.9813,0.24357935950195042,-0.009133825016043318
2023-wimbledon-1701,Carlos Alcaraz,Novak Djokovic,03:10:52,4,2,217,2,1,1,0,15,0,2,1,1,113,104,0,0,0,0,1,0,B,0,0,0,0,0,0,0,0,0,0,0,0,0,0,13.512,12.899,2,123,W,CTL,D,2,2,1.1731,13.154399999999999,0.23406980039851533,-0.009884362755357756
2023-wimbledon-1701,Carlos Alcaraz,Novak Djokovic,03:11:45,4,2,218,2,1,1,0,30,0,2,1,2,113,105,0,0,0,0,0,0,0,0,0,0,0,0,1,0,1,0,0,0,0,0,0,31.47,17.893,3,121,C,NCTL,ND,1,2,-1,12.154399999999999,0.22381299161656898,-0.010627825264933222
2023-wimbledon-1701,Carlos Alcaraz,Novak Djokovic,03:12:16,4,2,219,2,1,1,0,30,15,2,2,1,114,105,0,0,0,0,1,0,F,0,0,0,0,0,0,0,0,0,0,0,0,0,0,11.387,10.959,4,90,B,NCTL,ND,2,2,1.1731,13.327499999999999,0.21281751702372276,-0.011361184248428913
2023-wimbledon-1701,Carlos Alcaraz,Novak Djokovic,03:13:16,4,2,220,2,1,1,0,40,15,2,2,2,114,106,0,0,0,0,0,0,0,0,0,0,0,0,0,0,0,1,0,0,0,1,0,30.656,18.453,5,105,W,CTL,ND,2,2,-1,12.327499999999999,0.2010950203075481,-0.012081349940203268
2023-wimbledon-1701,Carlos Alcaraz,Novak Djokovic,03:14:05,4,2,221,2,1,1,0,40,30,2,1,2,114,107,0,0,0,0,0,0,0,0,0,0,0,0,0,0,0,1,0,0,0,1,0,43.231,20.94,5,117,C,NCTL,D,2,2,-1,11.327499999999999,0.18866026169189354,-0.012785180592970846
2023-wimbledon-1701,Carlos Alcaraz,Novak Djokovic,03:14:43,4,2,222,2,1,1,0,40,40,2,1,2,114,108,0,0,0,0,0,1,F,0,0,0,0,0,1,0,1,0,0,0,0,0,0,41.1,15.414,5,124,C,CTL,ND,2,2,-1,10.327499999999999,0.1755311650163094,-0.013469492494010638
2023-wimbledon-1701,Carlos Alcaraz,Novak Djokovic,03:15:18,4,2,223,2,1,1,0,40,AD,2,2,2,114,109,2,0,0,0,0,0,0,0,0,0,0,0,0,0,0,0,0,0,0,0,0,8.022,6.599,1,107,C,NCTL,ND,1,1,-1,9.327499999999999,0.161728854448711,-0.014131070500162934
2023-wimbledon-1701,Carlos Alcaraz,Novak Djokovic,03:16:06,4,3,224,2,1,1,1,0,0,1,2,1,115,109,0,0,0,0,0,0,0,0,0,0,0,0,0,0,0,0,0,0,0,0,0,3.852,4.127,1,111,BC,NCTL,D,2,1,1,10.327499999999999,0.14727768039415423,-0.014766679081162692
2023-wimbledon-1701,Carlos Alcaraz,Novak Djokovic,03:16:43,4,3,225,2,1,1,1,15,0,1,2,2,115,110,0,0,0,0,0,0,0,1,0,1,0,0,0,0,0,0,0,0,0,0,0,5.689,5.561,0,NA,BW,CTL,ND,1,1,-1.1731,9.154399999999999,0.13220523425343345,-0.015373073855926123
2023-wimbledon-1701,Carlos Alcaraz,Novak Djokovic,03:17:19,4,3,226,2,1,1,1,15,15,1,1,1,116,110,0,0,0,0,1,0,B,0,0,0,0,1,0,1,0,0,0,0,0,0,0,12.932,13.51,5,123,C,NCTL,ND,1,1,1,10.154399999999999,0.11654235120295198,-0.01594701360643569
2023-wimbledon-1701,Carlos Alcaraz,Novak Djokovic,03:17:52,4,3,227,2,1,1,1,30,15,1,1,1,117,110,0,0,1,0,1,0,0,0,0,0,0,0,0,0,0,0,0,0,0,0,0,1.086,1.156,1,118,C,CTL,NA,2,1,1,11.154399999999999,0.10032310088945451,-0.016485272752234437
2023-wimbledon-1701,Carlos Alcaraz,Novak Djokovic,03:18:16,4,3,228,2,1,1,1,40,15,1,2,2,117,111,0,0,0,0,0,0,0,0,0,0,0,1,0,0,0,0,0,0,0,0,0,36.918,22.42,6,116,C,NCTL,D,2,1,-1.1731,9.9813,0.08358476537091519,-0.01698465426710527
2023-wimbledon-1701,Carlos Alcaraz,Novak Djokovic,03:19:10,4,3,229,2,1,1,1,40,30,1,2,2,117,112,0,0,0,0,0,0,0,0,0,0,0,0,0,0,0,0,0,0,0,0,0,15.274,14.373,4,98,W,CTL,D,1,1,-1.1731,8.8082,0.06636780389726482,-0.01744200301251908
2023-wimbledon-1701,Carlos Alcaraz,Novak Djokovic,03:19:56,4,3,230,2,1,1,1,40,40,1,1,1,118,112,0,0,0,0,1,0,B,0,0,0,0,1,0,1,0,0,0,0,0,0,0,16.661,15.453,5,130,BC,CTL,ND,2,1,1,9.8082,0.048715804210814895,-0.017854219470549992
2023-wimbledon-1701,Carlos Alcaraz,Novak Djokovic,03:20:31,4,3,231,2,1,1,1,AD,40,1,2,2,118,113,0,0,0,0,0,0,0,1,0,1,0,0,0,0,0,0,0,0,0,0,0,2.932,2.271,0,NA,BC,NCTL,NA,1,1,-1.1731,8.6351,0.030675419916633473,-0.018218273839465837
2023-wimbledon-1701,Carlos Alcaraz,Novak Djokovic,03:21:09,4,3,232,2,1,1,1,40,40,1,1,1,119,113,0,0,1,0,1,0,0,0,0,0,0,0,0,0,0,0,0,0,0,0,0,1.02,0.992,1,114,W,CTL,NA,2,1,1,9.6351,0.012296293544295622,-0.018531220476447174
2023-wimbledon-1701,Carlos Alcaraz,Novak Djokovic,03:21:39,4,3,233,2,1,1,1,AD,40,1,2,2,119,114,0,0,0,0,0,1,F,0,0,0,0,0,0,0,0,0,0,0,0,0,0,20.326,21.163,6,89,BW,NCTL,ND,1,1,-1.1731,8.462,-0.0063690349452372175,-0.01879021264672076
2023-wimbledon-1701,Carlos Alcaraz,Novak Djokovic,03:22:27,4,3,234,2,1,1,1,40,40,1,2,1,120,114,0,0,0,0,1,0,F,0,0,0,0,1,0,1,0,0,0,0,0,0,0,48.671,52.041,15,102,BW,NCTL,D,1,1,1,9.462,-0.025265234562084515,-0.0189925175491652
2023-wimbledon-1701,Carlos Alcaraz,Novak Djokovic,03:23:33,4,3,235,2,1,1,1,AD,40,1,1,1,121,114,1,0,0,0,0,0,0,0,0,0,1,0,0,0,0,0,0,0,0,0,0,16.84,13.018,3,114,BW,CTL,D,2,2,1,10.462,-0.04433430481549294,-0.019135531582961107
2023-wimbledon-1701,Carlos Alcaraz,Novak Djokovic,03:25:30,4,4,236,2,1,2,1,0,0,2,1,2,121,115,0,0,0,0,0,1,F,0,0,0,0,0,1,0,1,0,0,0,0,0,0,41.564,37.508,11,113,BW,NCTL,ND,2,2,-1,9.462,-0.06351571267714462,-0.019216795818650212
2023-wimbledon-1701,Carlos Alcaraz,Novak Djokovic,03:26:14,4,4,237,2,1,2,1,0,15,2,1,2,121,116,0,0,0,0,0,0,0,0,0,0,0,0,0,0,0,0,0,0,0,0,0,10.943,9.634,1,112,C,CTL,D,1,2,-1,8.462,-0.08274654500974066,-0.01923401162453331
2023-wimbledon-1701,Carlos Alcaraz,Novak Djokovic,03:26:55,4,4,238,2,1,2,1,0,30,2,2,1,122,116,0,0,0,0,1,0,F,0,0,0,0,0,1,0,0,0,0,0,0,0,0,35.75,34.032,10,95,B,NCTL,ND,1,2,1.1731,9.6351,-0.10196167678077472,-0.019185056417299506
2023-wimbledon-1701,Carlos Alcaraz,Novak Djokovic,03:27:55,4,4,239,2,1,2,1,15,30,2,1,1,123,116,0,0,0,0,0,0,0,0,0,0,0,0,0,0,0,0,0,0,0,0,0,43.248,19.176,6,120,B,NCTL,ND,2,2,1.1731,10.8082,-0.12109395497554942,-0.019067999478991737
2023-wimbledon-1701,Carlos Alcaraz,Novak Djokovic,03:28:35,4,4,240,2,1,2,1,30,30,2,2,2,123,117,0,0,0,0,0,0,0,0,0,0,0,0,1,0,1,0,0,0,0,0,0,10.007,6.415,3,94,B,NCTL,D,1,2,-1,9.8082,-0.14007439835631885,-0.018881117794876445
2023-wimbledon-1701,Carlos Alcaraz,Novak Djokovic,03:29:38,4,4,241,2,1,2,1,30,40,2,1,1,124,117,0,0,0,0,1,0,F,0,0,0,0,0,1,0,0,0,0,0,0,0,0,33.438,20.132,6,121,B,CTL,D,2,2,1.1731,10.9813,-0.15883241313758845,-0.018622911860916247
2023-wimbledon-1701,Carlos Alcaraz,Novak Djokovic,03:30:20,4,4,242,2,1,2,1,40,40,2,2,2,124,118,0,0,0,0,0,0,0,0,0,0,0,0,1,0,1,0,0,0,0,0,0,25.741,27.255,5,90,W,NCTL,ND,2,2,-1,9.9813,-0.17729602440613235,-0.01829212140319214
2023-wimbledon-1701,Carlos Alcaraz,Novak Djokovic,03:31:20,4,4,243,2,1,2,1,40,AD,2,1,2,124,119,2,0,0,0,0,1,F,0,0,0,0,0,0,0,0,0,0,0,0,0,0,36.659,32.905,9,117,BW,NCTL,ND,1,1,-1,8.9813,-0.1953921229610387,-0.017887740954137143
2023-wimbledon-1701,Carlos Alcaraz,Novak Djokovic,03:32:08,4,5,244,2,1,2,2,0,0,1,2,1,125,119,0,0,0,0,0,0,0,0,0,0,0,1,0,1,0,0,0,0,0,0,0,27.334,29.792,5,100,B,NCTL,ND,2,1,1,9.9813,-0.21304672803580615,-0.017409035217468727
2023-wimbledon-1701,Carlos Alcaraz,Novak Djokovic,03:32:56,4,5,245,2,1,2,2,15,0,1,2,2,125,120,0,0,0,0,0,1,B,0,0,0,0,0,1,0,1,0,0,0,0,0,0,25.959,24.598,6,94,BW,NCTL,D,1,1,-1.1731,8.8082,-0.2301852649329703,-0.01685555416085549
2023-wimbledon-1701,Carlos Alcaraz,Novak Djokovic,03:33:46,4,5,246,2,1,2,2,15,15,1,1,1,126,120,0,0,0,0,0,0,0,0,0,0,1,0,0,0,0,0,0,0,0,0,0,11.339,12.646,3,122,B,CTL,D,2,1,1,9.8082,-0.24673285776543707,-0.016227147768773875
2023-wimbledon-1701,Carlos Alcaraz,Novak Djokovic,03:34:15,4,5,247,2,1,2,2,30,15,1,1,2,126,121,0,0,0,0,0,0,0,0,0,1,0,1,0,0,0,0,0,0,0,0,0,9.536,6.996,2,119,B,NCTL,NA,2,1,-1.1731,8.6351,-0.26261463649780126,-0.015523980383164826
2023-wimbledon-1701,Carlos Alcaraz,Novak Djokovic,03:34:49,4,5,248,2,1,2,2,30,30,1,1,2,126,122,0,0,0,0,0,0,0,0,0,0,0,0,0,0,0,0,0,0,0,0,0,20.723,34.85,6,114,BC,NCTL,D,1,1,-1.1731,7.462,-0.27775605857550545,-0.014746544550035878
2023-wimbledon-1701,Carlos Alcaraz,Novak Djokovic,03:35:30,4,5,249,2,1,2,2,30,40,1,2,1,127,122,0,0,0,0,0,0,0,0,0,0,1,0,0,0,0,0,1,0,0,0,1,19.694,15.593,3,100,BW,NCTL,ND,2,1,1,8.462,-0.2920832435356715,-0.01389567430399552
2023-wimbledon-1701,Carlos Alcaraz,Novak Djokovic,03:36:20,4,5,250,2,1,2,2,40,40,1,2,2,127,123,0,0,0,0,0,0,0,0,0,0,0,0,0,0,0,0,0,0,0,0,0,5.034,6.864,2,111,W,CTL,NA,1,1,-1.1731,7.2889,-0.30552332102706714,-0.012972557800253526
2023-wimbledon-1701,Carlos Alcaraz,Novak Djokovic,03:37:46,4,5,251,2,1,2,2,40,AD,1,1,1,128,123,0,0,0,0,1,0,F,0,0,0,0,1,0,1,0,0,1,0,0,0,1,10.476,22.59,3,126,B,NCTL,ND,2,1,1,8.2889,-0.3180047909208952,-0.011978749204587302
2023-wimbledon-1701,Carlos Alcaraz,Novak Djokovic,03:38:20,4,5,252,2,1,2,2,40,40,1,1,2,128,124,0,0,0,0,0,0,0,0,0,0,0,0,0,0,0,0,0,0,0,0,0,13.966,19.392,4,130,C,NCTL,ND,2,1,-1.1731,7.1158,-0.32945789486439025,-0.010916179767377798
2023-wimbledon-1701,Carlos Alcaraz,Novak Djokovic,03:39:00,4,5,253,2,1,2,2,40,AD,1,1,2,128,125,2,0,0,0,0,0,0,0,0,1,0,1,0,0,0,0,1,0,1,0,0,30.007,36.614,8,122,BC,NCTL,ND,2,2,-1.1731,5.9427,-0.3398149985832788,-0.009787167963054344
2023-wimbledon-1701,Carlos Alcaraz,Novak Djokovic,03:41:07,4,6,254,2,1,2,3,0,0,2,1,2,128,126,0,0,0,0,0,0,0,0,0,1,0,0,0,0,0,0,0,0,0,0,0,24.151,9.023,3,113,W,NCTL,D,1,2,-1,4.9427,-0.3490109837784985,-0.008594428619232986
2023-wimbledon-1701,Carlos Alcaraz,Novak Djokovic,03:41:33,4,6,255,2,1,2,3,0,15,2,1,1,129,126,0,0,0,0,1,0,F,0,0,0,0,0,0,0,0,0,0,0,0,0,0,29.751,22.614,8,123,BW,NCTL,ND,2,2,1.1731,6.1158,-0.3569836484748521,-0.007341080919019305
2023-wimbledon-1701,Carlos Alcaraz,Novak Djokovic,03:42:14,4,6,256,2,1,2,3,15,15,2,1,2,129,127,0,0,0,0,0,1,F,0,0,0,0,0,1,0,1,0,0,0,0,0,0,23.423,9.914,3,113,W,CTL,ND,2,2,-1,5.1158,-0.36367411496939894,-0.006030655176488153
2023-wimbledon-1701,Carlos Alcaraz,Novak Djokovic,03:42:43,4,6,257,2,1,2,3,15,30,2,2,2,129,128,0,0,0,0,0,0,0,0,0,0,0,0,1,0,1,0,0,0,0,0,0,45.735,48.065,11,100,B,NCTL,D,1,2,-1,4.1158,-0.3690272437688691,-0.004667098272250314
2023-wimbledon-1701,Carlos Alcaraz,Novak Djokovic,03:43:42,4,6,258,2,1,2,3,15,40,2,2,1,130,128,0,0,0,0,1,0,F,0,0,0,0,0,0,0,0,0,0,0,0,0,0,18.502,21.113,6,109,BC,NCTL,D,2,2,1.1731,5.2889,-0.37299205221461307,-0.003254777631923389
2023-wimbledon-1701,Carlos Alcaraz,Novak Djokovic,03:44:35,4,6,259,2,1,2,3,30,40,2,1,2,130,129,2,0,0,0,0,0,0,0,0,0,0,0,0,0,0,0,0,0,0,0,0,13.279,5.487,1,115,C,NCTL,ND,1,1,-1,4.2889,-0.37552213652998034,-0.0017984836360369627
2023-wimbledon-1701,Carlos Alcaraz,Novak Djokovic,03:45:09,4,7,260,2,1,2,4,0,0,1,1,1,131,129,0,0,0,0,1,0,B,0,0,0,0,0,0,0,0,0,0,0,0,0,0,9.736,20.942,3,125,BC,NCTL,ND,2,1,1,5.2889,-0.3765760950409458,-3.034303263689253e-4
2023-wimbledon-1701,Carlos Alcaraz,Novak Djokovic,03:45:38,4,7,261,2,1,2,4,15,0,1,2,2,131,130,0,0,0,0,0,1,F,0,0,0,0,0,1,0,1,0,0,0,0,0,0,17.325,18.119,6,95,B,NCTL,D,1,1,-1.1731,4.1158,-0.376117951622291,0.001224745712136155
2023-wimbledon-1701,Carlos Alcaraz,Novak Djokovic,03:46:36,4,7,262,2,1,2,4,15,15,1,1,1,132,130,0,0,0,0,0,0,0,0,0,0,0,0,0,0,0,0,0,0,0,0,0,3.468,4.129,1,116,BW,NCTL,ND,1,1,1,5.1158,-0.3741175767936511,0.0027799884305181877
2023-wimbledon-1701,Carlos Alcaraz,Novak Djokovic,03:47:00,4,7,263,2,1,2,4,30,15,1,2,1,133,130,0,0,0,0,0,0,0,0,0,0,1,0,0,0,0,0,0,0,0,0,0,21.731,25.33,7,121,BC,CTL,ND,1,1,1,6.1158,-0.37055110477922426,0.0043558274956581045
2023-wimbledon-1701,Carlos Alcaraz,Novak Djokovic,03:47:46,4,7,264,2,1,2,4,40,15,1,1,1,134,130,1,0,1,0,1,0,0,0,0,0,0,0,0,0,0,0,0,0,0,0,0,0.815,0.841,1,109,W,CTL,NA,2,2,1,7.1158,-0.36540134431379556,0.005945385704592354
2023-wimbledon-1701,Carlos Alcaraz,Novak Djokovic,03:49:35,4,8,265,2,1,3,4,0,0,2,1,2,134,131,0,0,0,0,0,0,0,0,0,0,0,0,1,0,1,0,0,0,0,0,0,14.467,11.85,3,122,C,NCTL,ND,2,2,-1,6.1158,-0.35865818079400924,0.007541388802906113
2023-wimbledon-1701,Carlos Alcaraz,Novak Djokovic,03:50:02,4,8,266,2,1,3,4,0,15,2,2,2,134,132,0,0,0,0,0,0,0,0,0,0,0,0,0,0,0,0,0,0,0,0,0,45.02,36.415,9,89,BW,NCTL,D,2,2,-1,5.1158,-0.3503189673228917,0.009136177829077496
2023-wimbledon-1701,Carlos Alcaraz,Novak Djokovic,03:50:56,4,8,267,2,1,3,4,0,30,2,1,2,134,133,0,0,0,0,0,1,F,0,0,0,0,0,1,0,1,0,0,0,0,0,0,15.256,9.227,3,108,W,CTL,ND,2,2,-1,4.1158,-0.34038890212650585,0.01072172417298134
2023-wimbledon-1701,Carlos Alcaraz,Novak Djokovic,03:51:26,4,8,268,2,1,3,4,0,40,2,1,2,134,134,2,0,0,0,0,0,0,0,0,0,0,0,0,0,0,0,0,0,0,0,0,8.461,4.064,1,120,BW,CTL,ND,2,1,-1,3.1158,-0.32888138961243385,0.012289647494867495
2023-wimbledon-1701,Carlos Alcaraz,Novak Djokovic,03:52:02,4,9,269,2,1,3,5,0,0,1,1,2,134,135,0,0,0,0,0,1,B,0,0,0,0,0,0,0,0,0,0,0,0,0,0,18.748,35.124,4,123,W,CTL,NA,2,1,-1.1731,1.9427,-0.3158183817831741,0.013831236683529369
2023-wimbledon-1701,Carlos Alcaraz,Novak Djokovic,03:52:30,4,9,270,2,1,3,5,0,15,1,2,2,134,136,0,0,0,0,0,0,0,1,0,1,0,0,0,0,0,0,0,0,0,0,0,1.02,0.962,0,NA,W,CTL,NA,2,1,-1.1731,0.7696000000000001,-0.3012306970995269,0.015337474009641028
2023-wimbledon-1701,Carlos Alcaraz,Novak Djokovic,03:53:13,4,9,271,2,1,3,5,0,30,1,2,2,134,137,0,0,0,0,0,0,0,0,0,0,0,0,0,0,0,0,0,0,0,0,0,8.514,13.07,2,104,B,NCTL,ND,1,1,-1.1731,-0.40349999999999997,-0.2851583138526621,0.0167990626870278
2023-wimbledon-1701,Carlos Alcaraz,Novak Djokovic,03:53:55,4,9,272,2,1,3,5,0,40,1,1,1,135,137,0,0,0,0,0,0,0,0,0,0,0,0,0,0,0,0,1,0,0,0,1,5.583,7.012,1,128,C,NCTL,ND,2,1,1,0.5965,-0.2676506338211766,0.018206457993073855
2023-wimbledon-1701,Carlos Alcaraz,Novak Djokovic,03:54:19,4,9,273,2,1,3,5,15,40,1,2,2,135,138,2,2,0,0,0,0,0,1,0,1,0,0,0,0,0,0,1,0,1,0,0,3.777,4.493,0,NA,C,CTL,NA,2,2,-1.1731,-0.5766,-0.24876671296988206,0.01954990216324859
2023-wimbledon-1701,Carlos Alcaraz,Novak Djokovic,03:57:11,5,1,274,2,2,0,0,0,0,2,2,2,135,139,0,0,0,0,0,0,0,0,0,0,0,1,0,0,0,0,0,0,0,0,0,24.728,15.65,5,97,W,CTL,D,2,2,-1,-1.5766,-0.2285754557196924,0.02081946324619821
2023-wimbledon-1701,Carlos Alcaraz,Novak Djokovic,03:57:58,5,1,275,2,2,0,0,0,15,2,2,2,135,140,0,0,0,0,0,0,0,0,0,1,0,0,0,0,0,0,0,0,0,0,0,28.056,22.534,7,95,B,NCTL,ND,1,2,-1,-2.5766,-0.2071557675881195,0.0220050781252894
2023-wimbledon-1701,Carlos Alcaraz,Novak Djokovic,03:59:07,5,1,276,2,2,0,0,0,30,2,2,1,136,140,0,0,0,0,1,0,F,0,0,0,0,0,0,0,0,0,0,0,0,0,0,7.73,4.64,2,109,BW,NCTL,ND,1,2,1.1731,-1.4035,-0.18459666346461745,0.023096599919085747
2023-wimbledon-1701,Carlos Alcaraz,Novak Djokovic,03:59:51,5,1,277,2,2,0,0,15,30,2,2,1,137,140,0,0,0,0,1,0,F,0,0,0,0,1,0,1,0,0,0,0,0,0,0,18.626,17.664,6,92,B,NCTL,ND,1,2,1.1731,-0.23039999999999994,-0.1609973253471253,0.024083849966700654
2023-wimbledon-1701,Carlos Alcaraz,Novak Djokovic,04:00:47,5,1,278,2,2,0,0,30,30,2,1,1,138,140,0,0,0,0,1,0,B,0,0,0,0,0,1,0,0,0,0,0,0,0,0,12.669,12.304,4,123,C,NCTL,ND,2,2,1.1731,0.9427000000000001,-0.13646710627654102,0.02495667463654172
2023-wimbledon-1701,Carlos Alcaraz,Novak Djokovic,04:01:49,5,1,279,2,2,0,0,40,30,2,1,2,138,141,0,0,0,0,0,0,0,0,0,0,0,0,0,0,0,1,0,0,0,1,0,8.589,6.655,1,117,C,NCTL,ND,2,2,-1,-0.05729999999999991,-0.11112547513766913,0.02570500716672086
2023-wimbledon-1701,Carlos Alcaraz,Novak Djokovic,04:02:19,5,1,280,2,2,0,0,40,40,2,1,2,138,142,0,0,0,0,0,0,0,0,0,0,0,0,0,0,0,0,0,0,0,0,0,7.427,4.598,1,124,C,CTL,ND,1,2,-1,-1.0573,-0.08510189610387897,0.026318934786331738
2023-wimbledon-1701,Carlos Alcaraz,Novak Djokovic,04:02:47,5,1,281,2,2,0,0,40,AD,2,2,1,139,142,0,0,0,0,1,0,F,0,0,0,0,0,1,0,0,0,0,0,0,0,0,57.056,52.126,14,114,BC,NCTL,D,2,2,1.1731,0.11580000000000013,-0.058535639307592646,0.0267887713566779
2023-wimbledon-1701,Carlos Alcaraz,Novak Djokovic,04:04:02,5,1,282,2,2,0,0,40,40,2,1,2,139,143,0,0,0,0,0,0,0,0,0,0,0,0,0,0,0,0,0,0,0,0,0,2.138,1.318,1,126,C,NCTL,NA,2,2,-1,-0.8841999999999999,-0.031575515153235756,0.027105135769829758
2023-wimbledon-1701,Carlos Alcaraz,Novak Djokovic,04:04:31,5,1,283,2,2,0,0,40,AD,2,2,2,139,144,2,0,0,0,0,0,0,0,0,1,0,1,0,0,0,0,0,0,0,0,0,15.773,11.383,3,93,B,NCTL,ND,2,1,-1,-1.8841999999999999,-0.0043795276651508175,0.02725903637679039
2023-wimbledon-1701,Carlos Alcaraz,Novak Djokovic,04:05:45,5,2,284,2,2,0,1,0,0,1,1,2,139,145,0,0,0,0,0,0,0,0,0,0,0,0,0,0,0,0,0,0,0,0,0,46.491,49.787,8,120,B,NCTL,ND,1,1,-1.1731,-3.0572999999999997,0.022885559515998466,0.02724196168890103
2023-wimbledon-1701,Carlos Alcaraz,Novak Djokovic,04:06:36,5,2,285,2,2,0,1,0,15,1,1,1,140,145,0,0,0,0,1,0,F,0,0,0,0,0,0,0,0,0,0,0,0,0,0,19.304,43.241,5,115,BW,NCTL,ND,2,1,1,-2.0572999999999997,0.050044751700625056,0.027045977631019014
2023-wimbledon-1701,Carlos Alcaraz,Novak Djokovic,04:07:12,5,2,286,2,2,0,1,15,15,1,2,2,140,146,0,0,0,0,0,0,0,0,0,1,0,0,0,0,0,0,0,0,0,0,0,6.127,8.362,2,95,BW,NCTL,ND,1,1,-1.1731,-3.2303999999999995,0.07691545198395033,0.026663831629775814
2023-wimbledon-1701,Carlos Alcaraz,Novak Djokovic,04:07:59,5,2,287,2,2,0,1,15,30,1,1,1,141,146,0,0,0,0,0,0,0,0,0,0,0,0,0,0,0,0,0,0,0,0,0,11.511,19.837,3,118,C,CTL,NA,2,1,1,-2.2303999999999995,0.10330819755472476,0.02608906379407472
2023-wimbledon-1701,Carlos Alcaraz,Novak Djokovic,04:08:33,5,2,288,2,2,0,1,30,30,1,2,2,141,147,0,0,0,0,0,0,0,0,0,0,0,0,0,0,0,0,0,0,0,0,0,16.367,14.441,4,93,C,NCTL,D,1,1,-1.1731,-3.4034999999999993,0.12902751118599554,0.02531612550558293
2023-wimbledon-1701,Carlos Alcaraz,Novak Djokovic,04:09:19,5,2,289,2,2,0,1,30,40,1,1,1,142,147,0,0,0,0,0,0,0,0,0,0,0,0,0,0,0,0,1,0,0,0,1,70.542,65.59,17,122,BW,NCTL,ND,1,1,1,-2.4034999999999993,0.15387287506382563,0.02434050571412172
2023-wimbledon-1701,Carlos Alcaraz,Novak Djokovic,04:10:25,5,2,290,2,2,0,1,40,40,1,2,1,143,147,0,0,0,0,1,0,F,0,0,0,0,0,0,0,0,0,0,0,0,0,0,9.154,10.895,3,101,B,NCTL,ND,1,1,1,-1.4034999999999993,0.17763983449185616,0.02315886520591448
2023-wimbledon-1701,Carlos Alcaraz,Novak Djokovic,04:11:15,5,2,291,2,2,0,1,AD,40,1,2,1,144,147,1,0,0,0,1,0,F,0,0,0,0,0,0,0,0,0,0,0,0,0,0,24.903,26.24,7,87,B,NCTL,ND,1,2,1,-0.4034999999999993,0.20012124067216064,0.021769179225543667
2023-wimbledon-1701,Carlos Alcaraz,Novak Djokovic,04:12:24,5,3,292,2,2,1,1,0,0,2,1,1,145,147,0,0,0,0,1,0,B,0,0,0,0,0,0,0,0,0,0,0,0,0,0,30.085,27.675,8,117,W,CTL,D,2,2,1.1731,0.7696000000000007,0.2211086400784552,0.020170888698885392
2023-wimbledon-1701,Carlos Alcaraz,Novak Djokovic,04:13:06,5,3,293,2,2,1,1,15,0,2,1,2,145,148,0,0,0,0,0,0,0,0,0,0,0,0,0,0,0,0,0,0,0,0,0,14.747,10.949,3,118,C,NCTL,ND,1,2,-1,-0.23039999999999927,0.2403938189308974,0.0183650604436707
2023-wimbledon-1701,Carlos Alcaraz,Novak Djokovic,04:13:38,5,3,294,2,2,1,1,15,15,2,2,1,146,148,0,0,0,0,1,0,F,0,0,0,0,1,0,1,0,0,0,0,0,0,0,26.608,21.128,8,88,C,NCTL,ND,2,2,1.1731,0.9427000000000008,0.2577705137882731,0.016354556668943587
2023-wimbledon-1701,Carlos Alcaraz,Novak Djokovic,04:14:55,5,3,295,2,2,1,1,30,15,2,1,2,146,149,0,0,0,0,0,0,0,0,0,0,0,0,0,0,0,0,0,0,0,0,0,17.807,9.745,3,125,W,CTL,ND,1,2,-1,-0.05729999999999924,0.27303629524976714,0.014144214122325138
2023-wimbledon-1701,Carlos Alcaraz,Novak Djokovic,04:15:28,5,3,296,2,2,1,1,30,30,2,1,1,147,149,0,0,0,0,0,0,0,0,0,0,1,0,0,0,0,0,0,0,0,0,0,8.418,5.321,2,123,BC,NCTL,ND,1,2,1.1731,1.1158000000000008,0.2859946364114876,0.011741033250245891
2023-wimbledon-1701,Carlos Alcaraz,Novak Djokovic,04:16:05,5,3,297,2,2,1,1,40,30,2,1,1,148,149,1,0,0,0,1,0,B,0,0,0,0,0,1,0,0,1,0,1,0,0,0,59.324,45.194,14,121,C,NCTL,D,1,1,1.1731,2.288900000000001,0.29645717496896395,0.009154377684353676
2023-wimbledon-1701,Carlos Alcaraz,Novak Djokovic,04:18:08,5,4,298,2,2,2,1,0,0,1,1,1,149,149,0,0,0,0,0,0,0,0,0,0,0,0,0,0,0,0,0,0,0,0,0,4.242,5.111,1,110,BW,NCTL,ND,1,1,1,3.288900000000001,0.30424618148754234,0.006396184497134527
2023-wimbledon-1701,Carlos Alcaraz,Novak Djokovic,04:18:35,5,4,299,2,2,2,1,15,0,1,1,1,150,149,0,0,0,0,0,0,0,0,0,0,0,0,0,0,0,0,0,0,0,0,0,4.133,5.952,1,119,C,NCTL,ND,1,1,1,4.288900000000001,0.30919724173509167,0.0034811855441603257
2023-wimbledon-1701,Carlos Alcaraz,Novak Djokovic,04:19:02,5,4,300,2,2,2,1,30,0,1,1,1,151,149,0,0,0,0,0,0,0,0,0,0,0,0,0,0,0,0,0,0,0,0,0,7.917,10.188,1,114,W,NCTL,D,1,1,1,5.288900000000001,0.31116216748341685,4.2714029791568464e-4
2023-wimbledon-1701,Carlos Alcaraz,Novak Djokovic,04:19:28,5,4,301,2,2,2,1,40,0,1,1,1,152,149,1,0,1,0,1,0,0,0,0,0,0,0,0,0,0,0,0,0,0,0,0,0.851,0.676,1,123,C,CTL,NA,2,2,1,6.288900000000001,0.31001214512070874,-0.0027449194051314407
2023-wimbledon-1701,Carlos Alcaraz,Novak Djokovic,04:20:10,5,5,302,2,2,3,1,0,0,2,2,2,152,150,0,0,0,0,0,0,0,0,0,0,0,0,0,0,0,0,0,0,0,0,0,3.344,3.502,1,107,B,NCTL,D,2,2,-1,5.288900000000001,0.30564113531727344,-0.006010432344510264
2023-wimbledon-1701,Carlos Alcaraz,Novak Djokovic,04:20:49,5,5,303,2,2,3,1,0,15,2,1,2,152,151,0,0,0,0,0,0,0,0,0,0,0,0,0,0,0,0,0,0,0,0,0,8.14,5.047,1,121,W,CTL,D,2,2,-1,4.288900000000001,0.2979695373578579,-0.009341038169623062
2023-wimbledon-1701,Carlos Alcaraz,Novak Djokovic,04:21:13,5,5,304,2,2,3,1,0,30,2,1,2,152,152,0,0,0,0,0,0,0,0,0,0,0,0,0,0,0,0,0,0,0,0,0,10.781,2.412,1,124,C,NCTL,NA,1,2,-1,3.288900000000001,0.2869481269081007,-0.01270429452870303
2023-wimbledon-1701,Carlos Alcaraz,Novak Djokovic,04:21:35,5,5,305,2,2,3,1,0,40,2,2,1,153,152,0,0,0,0,0,0,0,0,0,0,1,0,0,0,0,0,0,0,0,0,0,10.657,8.966,2,100,B,NCTL,D,2,2,1.1731,4.462000000000001,0.27256228627084056,-0.01606338062561008
2023-wimbledon-1701,Carlos Alcaraz,Novak Djokovic,04:22:15,5,5,306,2,2,3,1,15,40,2,1,2,153,153,2,0,0,0,0,0,0,0,0,0,0,0,0,0,0,0,0,0,0,0,0,20.456,10.654,3,123,C,CTL,ND,2,1,-1,3.4620000000000006,0.25483653663104633,-0.019376786752900443
2023-wimbledon-1701,Carlos Alcaraz,Novak Djokovic,04:23:53,5,6,307,2,2,3,2,0,0,1,2,2,153,154,0,0,0,0,0,0,0,0,0,0,0,0,1,0,1,0,0,0,0,0,0,20.512,19.453,4,99,BC,NCTL,ND,1,1,-1.1731,2.288900000000001,0.23383938783081248,-0.022597989419637088
2023-wimbledon-1701,Carlos Alcaraz,Novak Djokovic,04:24:40,5,6,308,2,2,3,2,0,15,1,2,1,154,154,0,0,0,0,0,0,0,0,0,0,0,1,0,1,0,0,0,0,0,0,0,10.757,12.306,3,121,BC,NCTL,ND,2,1,1,3.288900000000001,0.2096885211940389,-0.025675111475038648
2023-wimbledon-1701,Carlos Alcaraz,Novak Djokovic,04:25:26,5,6,309,2,2,3,2,15,15,1,1,2,154,155,0,0,0,0,0,0,0,0,0,0,0,0,0,0,0,0,0,0,0,0,0,13.286,22.353,2,119,BW,NCTL,ND,1,1,-1.1731,2.115800000000001,0.18255631951615214,-0.028550566916919706
2023-wimbledon-1701,Carlos Alcaraz,Novak Djokovic,04:25:55,5,6,310,2,2,3,2,15,30,1,2,1,155,155,0,0,0,0,0,0,0,0,0,0,0,0,0,0,0,0,0,0,0,0,0,4.419,6.353,1,100,B,NCTL,D,1,1,1,3.115800000000001,0.1526757597530377,-0.031160689778289452
2023-wimbledon-1701,Carlos Alcaraz,Novak Djokovic,04:26:37,5,6,311,2,2,3,2,30,30,1,1,1,156,155,0,0,0,0,0,0,0,0,0,0,1,0,0,0,0,0,0,0,0,0,0,14.776,13.091,3,128,BC,NCTL,D,1,1,1,4.115800000000001,0.12034668561682338,-0.0334353466569155
2023-wimbledon-1701,Carlos Alcaraz,Novak Djokovic,04:27:09,5,6,312,2,2,3,2,40,30,1,1,1,157,155,1,0,1,0,1,0,0,0,0,0,0,0,0,0,0,0,0,0,0,0,0,0.766,0.767,1,123,W,CTL,NA,2,2,1,5.115800000000001,0.08594247575820191,-0.035297532394679365
2023-wimbledon-1701,Carlos Alcaraz,Novak Djokovic,04:27:39,5,7,313,2,2,4,2,0,0,2,1,2,157,156,0,0,0,0,0,0,0,0,0,0,0,0,0,0,0,0,0,0,0,0,0,5.634,2.917,1,123,C,CTL,ND,1,2,-1,4.115800000000001,0.04991712489572819,-0.03666294837398709
2023-wimbledon-1701,Carlos Alcaraz,Novak Djokovic,04:27:54,5,7,314,2,2,4,2,0,15,2,1,1,158,156,0,0,0,0,1,0,F,0,0,0,0,0,0,0,0,0,0,0,0,0,0,8.655,9.243,4,118,C,NCTL,D,2,2,1.1731,5.288900000000001,0.012812755172490142,-0.0374395628948605
2023-wimbledon-1701,Carlos Alcaraz,Novak Djokovic,04:28:40,5,7,315,2,2,4,2,15,15,2,1,2,158,157,0,0,0,0,0,0,0,0,0,0,0,0,1,0,1,0,0,0,0,0,0,48.552,35.878,9,109,BW,NCTL,D,1,2,-1,4.288900000000001,-0.02473242246924201,-0.03752715313839872
2023-wimbledon-1701,Carlos Alcaraz,Novak Djokovic,04:29:22,5,7,316,2,2,4,2,15,30,2,1,1,159,157,0,0,0,0,1,0,F,0,0,0,0,0,1,0,0,0,0,0,0,0,0,14.99,9.497,4,115,C,CTL,ND,2,2,1.1731,5.462000000000001,-0.06197568105562823,-0.03681682816022658
2023-wimbledon-1701,Carlos Alcaraz,Novak Djokovic,04:29:59,5,7,317,2,2,4,2,30,30,2,2,2,159,158,0,0,0,0,0,1,B,0,0,0,0,0,0,0,0,0,0,0,0,0,0,14.929,7.187,3,105,W,NCTL,ND,2,2,-1,4.462000000000001,-0.09806086263415636,-0.03519053230911595
2023-wimbledon-1701,Carlos Alcaraz,Novak Djokovic,04:30:59,5,7,318,2,2,4,2,30,40,2,1,2,159,159,2,0,0,0,0,0,0,0,0,0,0,0,0,0,0,0,0,0,0,0,0,15.338,13.049,3,124,BW,CTL,ND,2,1,-1,3.4620000000000006,-0.13200895665067947,-0.03252052861125776
2023-wimbledon-1701,Carlos Alcaraz,Novak Djokovic,04:32:45,5,8,319,2,2,4,3,0,0,1,1,2,159,160,0,0,0,0,0,0,0,0,0,1,0,0,0,0,0,0,0,0,0,0,0,15.451,51.222,4,112,W,CTL,D,1,1,-1.1731,2.288900000000001,-0.16270815189636778,-0.028668861433743587
2023-wimbledon-1701,Carlos Alcaraz,Novak Djokovic,04:33:13,5,8,320,2,2,4,3,0,15,1,2,1,160,160,0,0,0,0,0,0,0,0,0,0,0,0,0,0,0,0,0,0,0,0,0,5.732,5.259,1,88,BW,NCTL,D,1,1,1,3.288900000000001,-0.1889033401675988,-0.02348679791248287
2023-wimbledon-1701,Carlos Alcaraz,Novak Djokovic,04:33:51,5,8,321,2,2,4,3,15,15,1,2,1,161,160,0,0,0,0,0,0,0,0,0,0,0,0,0,0,0,0,0,0,0,0,0,18.146,16.37,5,99,BC,CTL,D,1,1,1,4.288900000000001,-0.2091850515716942,-0.016814247508591507
2023-wimbledon-1701,Carlos Alcaraz,Novak Djokovic,04:34:38,5,8,322,2,2,4,3,30,15,1,1,1,162,160,0,0,0,0,1,0,F,0,0,0,0,0,0,0,0,0,0,0,0,0,0,9.024,13.154,3,115,C,NCTL,ND,1,1,1,5.288900000000001,-0.22197779566340614,-0.00847915908525465
2023-wimbledon-1701,Carlos Alcaraz,Novak Djokovic,04:35:05,5,8,323,2,2,4,3,40,15,1,2,1,163,160,1,0,1,0,1,0,0,0,0,0,0,0,0,0,0,0,0,0,0,0,0,6.489,7.329,1,108,W,CTL,D,2,2,1,6.288900000000001,-0.22552779155375902,0.0017031050838340889
2023-wimbledon-1701,Carlos Alcaraz,Novak Djokovic,04:35:50,5,9,324,2,2,5,3,0,0,2,1,2,163,161,0,0,0,0,0,1,F,0,0,0,0,0,1,0,1,0,0,0,0,0,0,17.628,14.786,5,111,W,NCTL,ND,2,2,-1,5.288900000000001,-0.2178900567087112,0.013930419038388209
2023-wimbledon-1701,Carlos Alcaraz,Novak Djokovic,04:36:18,5,9,325,2,2,5,3,0,15,2,1,2,163,162,0,0,0,0,0,0,0,0,0,0,0,0,0,0,0,0,0,0,0,0,0,22.495,11.196,1,110,C,NCTL,D,2,2,-1,4.288900000000001,-0.19691483757924289,0.028414567279469338
2023-wimbledon-1701,Carlos Alcaraz,Novak Djokovic,04:36:44,5,9,326,2,2,5,3,0,30,2,1,2,163,163,0,0,0,0,0,0,0,0,0,0,0,0,0,0,0,0,0,0,0,0,0,8.686,7.679,1,108,W,CTL,ND,1,2,-1,3.288900000000001,-0.16023334984492976,0.04538194385077077
2023-wimbledon-1701,Carlos Alcaraz,Novak Djokovic,04:37:13,5,9,327,2,2,5,3,0,40,2,1,1,164,163,0,0,0,0,0,0,0,0,0,0,0,0,0,0,0,0,0,0,0,0,0,16.135,6.657,2,123,C,NCTL,ND,2,2,1.1731,4.462000000000001,-0.10524280948447995,0.06507427722772263
2023-wimbledon-1701,Carlos Alcaraz,Novak Djokovic,04:37:38,5,9,328,2,2,5,3,15,40,2,2,2,164,164,2,0,0,0,0,0,0,0,0,0,0,0,0,0,0,0,0,0,0,0,0,4.15,3.609,1,99,BW,NCTL,D,2,1,-1,3.4620000000000006,-0.029090725642163306,0.08774938152146206
2023-wimbledon-1701,Carlos Alcaraz,Novak Djokovic,04:39:31,5,10,329,2,2,5,4,0,0,1,1,2,164,165,0,0,0,0,0,0,0,0,0,1,0,0,0,0,0,0,0,0,0,0,0,6.772,10.303,2,127,C,NCTL,ND,1,1,-1.1731,2.288900000000001,0.07134157346445136,0.11368193477892419
2023-wimbledon-1701,Carlos Alcaraz,Novak Djokovic,04:39:58,5,10,330,2,2,5,4,0,15,1,1,1,165,165,0,0,0,0,1,0,F,0,0,0,0,0,1,0,0,0,0,0,0,0,0,38.62,50.971,11,123,C,NCTL,D,1,1,1,3.288900000000001,0.199456203947193,0.1431642850998287
2023-wimbledon-1701,Carlos Alcaraz,Novak Djokovic,04:40:43,5,10,331,2,2,5,4,15,15,1,1,1,166,165,0,0,0,0,1,0,B,0,0,0,0,1,0,1,0,0,0,0,0,0,0,17.533,27.766,5,114,W,NCTL,ND,2,1,1,4.288900000000001,0.3589568116585724,0.17650728522448844
2023-wimbledon-1701,Carlos Alcaraz,Novak Djokovic,04:41:20,5,10,332,2,2,5,4,30,15,1,1,2,166,166,0,0,0,0,0,1,F,0,0,0,0,0,0,0,0,0,0,0,0,0,0,10.882,18.328,4,124,W,NCTL,D,1,1,-1.1731,3.115800000000001,0.5538675064308336,0.2140411563964335
2023-wimbledon-1701,Carlos Alcaraz,Novak Djokovic,04:41:52,5,10,333,2,2,5,4,30,30,1,1,1,167,166,0,0,0,0,0,0,0,0,0,0,0,0,0,0,0,0,0,0,0,0,0,7.893,10.537,1,130,C,NCTL,D,1,1,1,4.115800000000001,0.7885526739119086,0.2561163821774244
2023-wimbledon-1701,Carlos Alcaraz,Novak Djokovic,04:42:27,5,10,334,2,2,5,4,40,30,1,1,1,168,166,1,1,0,0,0,0,0,0,0,0,0,1,0,1,0,0,0,0,0,0,0,17.811,25.367,3,129,BW,NCTL,ND,NA,NA,1,5.115800000000001,1.067737699704594,0.3031046330802383
