,"season","week","celebrity_name","id","percent_judge_score","winner","ballroom_partner","celebrity_industry","celebrity_homestate","celebrity_homecountry/region","celebrity_age_during_season","placement","elim_week","eliminated","finale","fan_mean","fan_lo","fan_hi","ratings","total_votes","fan_estimate_total"
"1",1,1,"John O'Hurley",1,0.18348623853211,0,"Charlotte Jorgensen","Actor/Actress","Maine","United States",50,2,6,0,0,0.192226939009944,0.0335371751093674,0.488329949819186,13.48,6.74,2.59121913785404
"2",1,1,"Rachel Hunter",4,0.18348623853211,0,"Jonathan Roberts","Model",NA,"New Zealand",35,4,4,0,0,0.13857417665226,0.0196385523043706,0.384060137288982,13.48,6.74,1.86797990127247
"3",1,1,"Trista Sutter",6,0.165137614678899,0,"Louis van Amstel","TV Personality","Indiana","United States",32,6,2,0,0,0.117519043876332,0.0148271451009433,0.344481736748932,13.48,6.74,1.58415671145296
"4",1,1,"Evander Holyfield",3,0.165137614678899,0,"Edyta Sliwinska","Athlete","Alabama","United States",42,5,3,0,0,0.124820232383931,0.0170753839917313,0.359890569187658,13.48,6.74,1.68257673253539
"5",1,1,"Kelly Monaco",2,0.119266055045872,1,"Alec Mazo","Actor/Actress","Pennsylvania","United States",29,1,NA,0,0,0.265223549794939,0.0555030872201589,0.586971488687845,13.48,6.74,3.57521345123577
"6",1,1,"Joey McIntyre",5,0.18348623853211,0,"Ashly DelGrosso","Singer/Rapper","Massachusetts","United States",32,3,5,0,0,0.161636058282595,0.0247755573071696,0.451320276558857,13.48,6.74,2.17885406564938
"7",1,2,"John O'Hurley",1,0.214876033057851,0,"Charlotte Jorgensen","Actor/Actress","Maine","United States",50,2,6,0,0,0.192226939009944,0.0335371751093674,0.488329949819186,15.09,7.545,2.90070450966005
"8",1,2,"Evander Holyfield",3,0.115702479338843,0,"Edyta Sliwinska","Athlete","Alabama","United States",42,5,3,0,0,0.124820232383931,0.0170753839917313,0.359890569187658,15.09,7.545,1.88353730667351
"9",1,2,"Joey McIntyre",5,0.173553719008264,0,"Ashly DelGrosso","Singer/Rapper","Massachusetts","United States",32,3,5,0,0,0.161636058282595,0.0247755573071696,0.451320276558857,15.09,7.545,2.43908811948436
"10",1,2,"Trista Sutter",6,0.15702479338843,0,"Louis van Amstel","TV Personality","Indiana","United States",32,6,2,1,0,0.117519043876332,0.0148271451009433,0.344481736748932,15.09,7.545,1.77336237209385
"11",1,2,"Rachel Hunter",4,0.198347107438017,0,"Jonathan Roberts","Model",NA,"New Zealand",35,4,4,0,0,0.13857417665226,0.0196385523043706,0.384060137288982,15.09,7.545,2.09108432568261
"12",1,2,"Kelly Monaco",2,0.140495867768595,1,"Alec Mazo","Actor/Actress","Pennsylvania","United States",29,1,NA,0,0,0.265223549794939,0.0555030872201589,0.586971488687845,15.09,7.545,4.00222336640563
"13",1,3,"Evander Holyfield",3,0.122641509433962,0,"Edyta Sliwinska","Athlete","Alabama","United States",42,5,3,1,0,0.142455382048508,0.0192686107627823,0.397732439151459,15.67,7.835,2.23227583670012
"14",1,3,"Rachel Hunter",4,0.245283018867925,0,"Jonathan Roberts","Model",NA,"New Zealand",35,4,4,0,0,0.157127505842907,0.0229905374440769,0.432384606165836,15.67,7.835,2.46218801655835
"15",1,3,"Joey McIntyre",5,0.207547169811321,0,"Ashly DelGrosso","Singer/Rapper","Massachusetts","United States",32,3,5,0,0,0.183050742817528,0.0283415265874316,0.496030861188886,15.67,7.835,2.86840513995066
"16",1,3,"Kelly Monaco",2,0.19811320754717,1,"Alec Mazo","Actor/Actress","Pennsylvania","United States",29,1,NA,0,0,0.299711834218266,0.0653101316812465,0.64894840514559,15.67,7.835,4.69648444220023
"17",1,3,"John O'Hurley",1,0.226415094339623,0,"Charlotte Jorgensen","Actor/Actress","Maine","United States",50,2,6,0,0,0.217654535072791,0.0384944514253926,0.536260839933809,15.67,7.835,3.41064656459064
"18",1,4,"Joey McIntyre",5,0.217391304347826,0,"Ashly DelGrosso","Singer/Rapper","Massachusetts","United States",32,3,5,0,0,0.2136439757231,0.0343427785104703,0.558158165840873,15.52,7.76,3.31575450322251
"19",1,4,"Rachel Hunter",4,0.271739130434783,0,"Jonathan Roberts","Model",NA,"New Zealand",35,4,4,1,0,0.184177625668647,0.0273881338085897,0.492554353342879,15.52,7.76,2.85843675037739
"20",1,4,"John O'Hurley",1,0.228260869565217,0,"Charlotte Jorgensen","Actor/Actress","Maine","United States",50,2,6,0,0,0.253880763765405,0.0466168453105696,0.594354035290747,15.52,7.76,3.94022945363908
"21",1,4,"Kelly Monaco",2,0.282608695652174,1,"Alec Mazo","Actor/Actress","Pennsylvania","United States",29,1,NA,0,0,0.34829763484285,0.075143525533729,0.718894011548416,15.52,7.76,5.40557929276103
"22",1,5,"Kelly Monaco",2,0.321917808219178,1,"Alec Mazo","Actor/Actress","Pennsylvania","United States",29,1,NA,0,0,0.424331141048513,0.102626916701941,0.798461514729662,18.59,9.295,7.88831591209185
"23",1,5,"Joey McIntyre",5,0.308219178082192,0,"Ashly DelGrosso","Singer/Rapper","Massachusetts","United States",32,3,5,1,0,0.263552094485252,0.0435071508373066,0.657134987511622,18.59,9.295,4.89943343648084
"24",1,5,"John O'Hurley",1,0.36986301369863,0,"Charlotte Jorgensen","Actor/Actress","Maine","United States",50,2,6,0,0,0.312116764466234,0.0574275864876969,0.697043919683647,18.59,9.295,5.8022506514273
"25",1,6,"John O'Hurley",1,0.495412844036697,0,"Charlotte Jorgensen","Actor/Actress","Maine","United States",50,2,6,1,1,0.425816359552541,0.0858384909528659,0.835046301222745,22.36,11.18,9.52125379959483
"26",1,6,"Kelly Monaco",2,0.504587155963303,1,"Alec Mazo","Actor/Actress","Pennsylvania","United States",29,1,NA,0,1,0.574183640447459,0.164953698777255,0.914161509047134,22.36,11.18,12.8387462004052
"27",11,1,"David Hasselhoff",1,0.066079295154185,0,"Kym Johnson","Actor/Actress","Maryland","United States",58,12,1,1,0,0.0566142181728901,0.00588858135993029,0.182795294484482,21,10.5,1.18889858163069
"28",11,1,"Florence Henderson",2,0.079295154185022,0,"Corky Ballas","Actor/Actress","Indiana","United States",76,8,5,0,0,0.06845329152833,0.00904077556123198,0.211469666657375,21,10.5,1.43751912209493
"29",11,1,"The Situation",10,0.066079295154185,0,"Karina Smirnoff","TV Personality","New York","United States",28,9,4,0,0,0.0617478117831685,0.00822306782436523,0.182455992894481,21,10.5,1.29670404744654
"30",11,1,"Jennifer Grey",4,0.105726872246696,1,"Derek Hough","Actor/Actress","New York","United States",50,1,NA,0,0,0.157709752745666,0.0310315954942969,0.405701032886314,21,10.5,3.31190480765899
"31",11,1,"Michael Bolton",8,0.0704845814977974,0,"Chelsie Hightower","Singer/Rapper","Connecticut","United States",57,11,2,0,0,0.0557546943317552,0.00743132681929903,0.16842532061902,21,10.5,1.17084858096686
"32",11,1,"Rick Fox",5,0.0969162995594714,0,"Cheryl Burke","Athlete",NA,"Canada",41,6,7,0,0,0.0756450153661285,0.0114385850640957,0.223357713277788,21,10.5,1.5885453226887
"33",11,1,"Kyle Massey",3,0.101321585903084,0,"Lacey Schwimmer","Actor/Actress","Georgia","United States",19,2,10,0,0,0.115139301158541,0.0189094288013713,0.315075638003521,21,10.5,2.41792532432935
"34",11,1,"Kurt Warner",6,0.0837004405286344,0,"Anna Trebunskaya","Athlete","Iowa","United States",39,5,8,0,0,0.0819885751864291,0.0126800292442066,0.245117188519203,21,10.5,1.72176007891501
"35",11,1,"Bristol Palin",12,0.079295154185022,0,"Mark Ballas","TV Personality","Alaska","United States",19,3,10,0,0,0.112956967394297,0.0196902030761341,0.307775604598157,21,10.5,2.37209631528023
"36",11,1,"Margaret Cho",7,0.066079295154185,0,"Louis van Amstel","Comedian","California","United States",41,10,3,0,0,0.05833141260141,0.0072432217280274,0.177409999132571,21,10.5,1.22495966462961
"37",11,1,"Brandy",9,0.101321585903084,0,"Maksim Chmerkoskiy","Singer/Rapper","Mississippi","United States",31,4,9,0,0,0.0876974129461643,0.015298209840819,0.247892421651259,21,10.5,1.84164567186945
"38",11,1,"Audrina Patridge",11,0.0837004405286344,0,"Tony Dovolani","TV Personality","California","United States",25,7,6,0,0,0.0679615467852199,0.0104554923861258,0.195607271332666,21,10.5,1.42719248248962
"39",11,10,"Kyle Massey",3,0.329316456184232,0,"Lacey Schwimmer","Actor/Actress","Georgia","United States",19,2,10,1,1,0.301152868313891,0.0528473750299135,0.694999100242424,23.702,11.851,7.13792528477586
"40",11,10,"Jennifer Grey",4,0.361446654088323,1,"Derek Hough","Actor/Actress","New York","United States",50,1,NA,0,1,0.401467559002034,0.0930173889080878,0.786353252782753,23.702,11.851,9.51558408346621
"41",11,10,"Bristol Palin",12,0.309236889727445,0,"Mark Ballas","TV Personality","Alaska","United States",19,3,10,1,1,0.297379572684075,0.0553614272125503,0.682088454571549,23.702,11.851,7.04849063175795
"42",11,2,"Michael Bolton",8,0.0542986425339367,0,"Chelsie Hightower","Singer/Rapper","Connecticut","United States",57,11,2,1,0,0.0592732384083847,0.00783165738468219,0.179448072910294,21.341,10.6705,1.26495018087334
"43",11,2,"Rick Fox",5,0.0950226244343891,0,"Cheryl Burke","Athlete",NA,"Canada",41,6,7,0,0,0.0801388898544443,0.0122008653039226,0.235173192924275,21.341,10.6705,1.7102440483837
"44",11,2,"Jennifer Grey",4,0.108597285067873,1,"Derek Hough","Actor/Actress","New York","United States",50,1,NA,0,0,0.166842161443175,0.0322665042000913,0.423439292967777,21.341,10.6705,3.5605785673588
"45",11,2,"The Situation",10,0.081447963800905,0,"Karina Smirnoff","TV Personality","New York","United States",28,9,4,0,0,0.0655231003275676,0.00872951645420109,0.191630372072414,21.341,10.6705,1.39832848409062
"46",11,2,"Kurt Warner",6,0.0950226244343891,0,"Anna Trebunskaya","Athlete","Iowa","United States",39,5,8,0,0,0.0869592572488825,0.0133839065509942,0.256256868621739,21.341,10.6705,1.8557975089484
"47",11,2,"Brandy",9,0.0950226244343891,0,"Maksim Chmerkoskiy","Singer/Rapper","Mississippi","United States",31,4,9,0,0,0.0928412858280948,0.0159909312286866,0.261557098680918,21.341,10.6705,1.98132588085737
"48",11,2,"Audrina Patridge",11,0.104072398190045,0,"Tony Dovolani","TV Personality","California","United States",25,7,6,0,0,0.0722397294385885,0.0111319773549587,0.209321192511223,21.341,10.6705,1.54166806594892
"49",11,2,"Bristol Palin",12,0.0995475113122172,0,"Mark Ballas","TV Personality","Alaska","United States",19,3,10,0,0,0.119677710345243,0.0208879968076827,0.324986425905848,21.341,10.6705,2.55404201647784
"50",11,2,"Margaret Cho",7,0.081447963800905,0,"Louis van Amstel","Comedian","California","United States",41,10,3,0,0,0.0619073974585188,0.00769106126764579,0.189689345924867,21.341,10.6705,1.32116576916225
"51",11,2,"Kyle Massey",3,0.0995475113122172,0,"Lacey Schwimmer","Actor/Actress","Georgia","United States",19,2,10,0,0,0.121901076899892,0.020118767861413,0.329443077678241,21.341,10.6705,2.60149088212059
"52",11,2,"Florence Henderson",2,0.085972850678733,0,"Corky Ballas","Actor/Actress","Indiana","United States",76,8,5,0,0,0.0726961527472086,0.00945400466990067,0.223014741203699,21.341,10.6705,1.55140859577818
"53",11,3,"Jennifer Grey",4,0.108597285067873,1,"Derek Hough","Actor/Actress","New York","United States",50,1,NA,0,0,0.176659356078702,0.0350390219995456,0.439324704863638,19.889,9.9445,3.51357793304931
"54",11,3,"The Situation",10,0.0904977375565611,0,"Karina Smirnoff","TV Personality","New York","United States",28,9,4,0,0,0.0699366187932699,0.00924000219612462,0.204800240320392,19.889,9.9445,1.39096941117934
"55",11,3,"Kurt Warner",6,0.104072398190045,0,"Anna Trebunskaya","Athlete","Iowa","United States",39,5,8,0,0,0.0924606968639486,0.0142120479732868,0.270062408499651,19.889,9.9445,1.83895079992707
"56",11,3,"Brandy",9,0.108597285067873,0,"Maksim Chmerkoskiy","Singer/Rapper","Mississippi","United States",31,4,9,0,0,0.0987480620259981,0.0171898667481558,0.276108702727589,19.889,9.9445,1.96400020563508
"57",11,3,"Margaret Cho",7,0.081447963800905,0,"Louis van Amstel","Comedian","California","United States",41,10,3,1,0,0.0660105927834573,0.00813489632941747,0.198782638533003,19.889,9.9445,1.31288467987018
"58",11,3,"Florence Henderson",2,0.0904977375565611,0,"Corky Ballas","Actor/Actress","Indiana","United States",76,8,5,0,0,0.0773339078695065,0.0100681013123461,0.235579449283368,19.889,9.9445,1.53809409361661
"59",11,3,"Kyle Massey",3,0.104072398190045,0,"Lacey Schwimmer","Actor/Actress","Georgia","United States",19,2,10,0,0,0.129586795393497,0.0213847129629995,0.352665868008826,19.889,9.9445,2.57735177358126
"60",11,3,"Audrina Patridge",11,0.117647058823529,0,"Tony Dovolani","TV Personality","California","United States",25,7,6,0,0,0.076852848223507,0.0118800045205572,0.219164555461297,19.889,9.9445,1.52852629831733
"61",11,3,"Rick Fox",5,0.108597285067873,0,"Cheryl Burke","Athlete",NA,"Canada",41,6,7,0,0,0.0851111405820359,0.0128467986754987,0.246525911166984,19.889,9.9445,1.69277547503611
"62",11,3,"Bristol Palin",12,0.085972850678733,0,"Mark Ballas","TV Personality","Alaska","United States",19,3,10,0,0,0.127299981386078,0.0220709175822798,0.341482562889304,19.889,9.9445,2.5318693297877
"63",11,4,"The Situation",10,0.0782122905027933,0,"Karina Smirnoff","TV Personality","New York","United States",28,9,4,1,0,0.0751061475423796,0.00991633796251261,0.221451621148222,19.526,9.763,1.4665226369125
"64",11,4,"Florence Henderson",2,0.0977653631284916,0,"Corky Ballas","Actor/Actress","Indiana","United States",76,8,5,0,0,0.0825780468984955,0.010811977885699,0.249842309192426,19.526,9.763,1.61241894374002
"65",11,4,"Brandy",9,0.134078212290503,0,"Maksim Chmerkoskiy","Singer/Rapper","Mississippi","United States",31,4,9,0,0,0.105790081602828,0.0186299744533764,0.292205395755649,19.526,9.763,2.06565713337683
"66",11,4,"Audrina Patridge",11,0.128491620111732,0,"Tony Dovolani","TV Personality","California","United States",25,7,6,0,0,0.0826246842893065,0.0127512591298844,0.237103118038156,19.526,9.763,1.613329585433
"67",11,4,"Kurt Warner",6,0.0949720670391061,0,"Anna Trebunskaya","Athlete","Iowa","United States",39,5,8,0,0,0.0990714428245292,0.0153526139245446,0.288254009788769,19.526,9.763,1.93446899259176
"68",11,4,"Kyle Massey",3,0.111731843575419,0,"Lacey Schwimmer","Actor/Actress","Georgia","United States",19,2,10,0,0,0.138869199945245,0.0227850841310174,0.37490025190388,19.526,9.763,2.71155999813086
"69",11,4,"Rick Fox",5,0.108938547486034,0,"Cheryl Burke","Athlete",NA,"Canada",41,6,7,0,0,0.0912584657499873,0.0136770758957657,0.262397300035394,19.526,9.763,1.78191280223425
"70",11,4,"Bristol Palin",12,0.0893854748603352,0,"Mark Ballas","TV Personality","Alaska","United States",19,3,10,0,0,0.136023270361342,0.0238087510057372,0.360369034159253,19.526,9.763,2.65599037707557
"71",11,4,"Jennifer Grey",4,0.156424581005587,1,"Derek Hough","Actor/Actress","New York","United States",50,1,NA,0,0,0.188678660785886,0.0375103077900888,0.468687518936153,19.526,9.763,3.68413953050522
"72",11,5,"Florence Henderson",2,0.115384615384615,0,"Corky Ballas","Actor/Actress","Indiana","United States",76,8,5,1,0,0.089343189838435,0.0115785203742571,0.269962504365919,19.33,9.665,1.72700385957695
"73",11,5,"Brandy",9,0.148351648351648,0,"Maksim Chmerkoskiy","Singer/Rapper","Mississippi","United States",31,4,9,0,0,0.114286690167832,0.0203221472339179,0.316008967768676,19.33,9.665,2.20916172094419
"74",11,5,"Audrina Patridge",11,0.126373626373626,0,"Tony Dovolani","TV Personality","California","United States",25,7,6,0,0,0.0895726896226704,0.0139005548366223,0.253990821895636,19.33,9.665,1.73144009040622
"75",11,5,"Kyle Massey",3,0.10989010989011,0,"Lacey Schwimmer","Actor/Actress","Georgia","United States",19,2,10,0,0,0.14982945291322,0.0252527695728477,0.400176130996764,19.33,9.665,2.89620332481255
"76",11,5,"Bristol Palin",12,0.0989010989010989,0,"Mark Ballas","TV Personality","Alaska","United States",19,3,10,0,0,0.147246215653391,0.0257462009402788,0.389087139234401,19.33,9.665,2.84626934858004
"77",11,5,"Rick Fox",5,0.131868131868132,0,"Cheryl Burke","Athlete",NA,"Canada",41,6,7,0,0,0.0990257948529627,0.0145844693489555,0.2875970711561,19.33,9.665,1.91416861450777
"78",11,5,"Kurt Warner",6,0.131868131868132,0,"Anna Trebunskaya","Athlete","Iowa","United States",39,5,8,0,0,0.107278606435258,0.0166623475935133,0.311408039613681,19.33,9.665,2.07369546239354
"79",11,5,"Jennifer Grey",4,0.137362637362637,1,"Derek Hough","Actor/Actress","New York","United States",50,1,NA,0,0,0.203417360516232,0.0407246699174532,0.500728152784982,19.33,9.665,3.93205757877876
"80",11,6,"Brandy",9,0.17391314849857,0,"Maksim Chmerkoskiy","Singer/Rapper","Mississippi","United States",31,4,9,0,0,0.125640018189897,0.0223512009239608,0.345187487758901,20.412,10.206,2.56456405129219
"81",11,6,"Kurt Warner",6,0.106280069546129,0,"Anna Trebunskaya","Athlete","Iowa","United States",39,5,8,0,0,0.118073863963653,0.0183232377711632,0.341476014293306,20.412,10.206,2.41012371122608
"82",11,6,"Audrina Patridge",11,0.154588928561594,0,"Tony Dovolani","TV Personality","California","United States",25,7,6,1,0,0.0991651695651552,0.015056103143958,0.285707066805839,20.412,10.206,2.02415944116395
"83",11,6,"Kyle Massey",3,0.144927543233238,0,"Lacey Schwimmer","Actor/Actress","Georgia","United States",19,2,10,0,0,0.164166106220236,0.0276469352115467,0.437248335204352,20.412,10.206,3.35095856016745
"84",11,6,"Bristol Palin",12,0.13526519171804,0,"Mark Ballas","TV Personality","Alaska","United States",19,3,10,0,0,0.161393174846768,0.028441066502512,0.422874387382802,20.412,10.206,3.29435748497223
"85",11,6,"Rick Fox",5,0.144928026326659,0,"Cheryl Burke","Athlete",NA,"Canada",41,6,7,0,0,0.109292846318152,0.0160950548043131,0.318915694542645,20.412,10.206,2.23088557904612
"86",11,6,"Jennifer Grey",4,0.14009709211577,1,"Derek Hough","Actor/Actress","New York","United States",50,1,NA,0,0,0.222268820896139,0.0462023812323402,0.536429208719044,20.412,10.206,4.53695117213198
"87",11,7,"Brandy",9,0.175059952038369,0,"Maksim Chmerkoskiy","Singer/Rapper","Mississippi","United States",31,4,9,0,0,0.139525637771469,0.0243137895217289,0.377282360617702,19.934,9.967,2.78130406333646
"88",11,7,"Kurt Warner",6,0.167865707434053,0,"Anna Trebunskaya","Athlete","Iowa","United States",39,5,8,0,0,0.13143467921799,0.0203460987350892,0.373790542775924,19.934,9.967,2.62001889553142
"89",11,7,"Kyle Massey",3,0.160671462829736,0,"Lacey Schwimmer","Actor/Actress","Georgia","United States",19,2,10,0,0,0.182216778401139,0.0304818950794415,0.47486545467561,19.934,9.967,3.6323092606483
"90",11,7,"Rick Fox",5,0.165467625899281,0,"Cheryl Burke","Athlete",NA,"Canada",41,6,7,1,0,0.121915838229643,0.0180570917616708,0.349845050453683,19.934,9.967,2.4302703192697
"91",11,7,"Bristol Palin",12,0.155875299760192,0,"Mark Ballas","TV Personality","Alaska","United States",19,3,10,0,0,0.179132879253434,0.0315562735467368,0.461493798426849,19.934,9.967,3.57083481503794
"92",11,7,"Jennifer Grey",4,0.175059952038369,1,"Derek Hough","Actor/Actress","New York","United States",50,1,NA,0,0,0.245774187126325,0.0520065975638709,0.578478482262907,19.934,9.967,4.89926264617616
"93",11,8,"Kurt Warner",6,0.181132075471698,0,"Anna Trebunskaya","Athlete","Iowa","United States",39,5,8,1,0,0.150391708217872,0.0230586248522704,0.420008140662855,19.952,9.976,3.00061536236299
"94",11,8,"Kyle Massey",3,0.211320754716981,0,"Lacey Schwimmer","Actor/Actress","Georgia","United States",19,2,10,0,0,0.207729271321643,0.0346856947377232,0.529679909625647,19.952,9.976,4.14461442140941
"95",11,8,"Bristol Palin",12,0.177358490566038,0,"Mark Ballas","TV Personality","Alaska","United States",19,3,10,0,0,0.20397881389391,0.037331049702987,0.511729775666625,19.952,9.976,4.06978529481129
"96",11,8,"Brandy",9,0.215094339622642,0,"Maksim Chmerkoskiy","Singer/Rapper","Mississippi","United States",31,4,9,0,0,0.159345269241811,0.0283664587186447,0.420237099957205,19.952,9.976,3.17925681191261
"97",11,8,"Jennifer Grey",4,0.215094339622642,1,"Derek Hough","Actor/Actress","New York","United States",50,1,NA,0,0,0.278554937324764,0.0597666739187038,0.624195765617275,19.952,9.976,5.55772810950369
"98",11,9,"Jennifer Grey",4,0.263157894736842,1,"Derek Hough","Actor/Actress","New York","United States",50,1,NA,0,0,0.326641819900907,0.0721013218890205,0.693835021490175,20.679,10.3395,6.75462619373085
"99",11,9,"Bristol Palin",12,0.232456140350877,0,"Mark Ballas","TV Personality","Alaska","United States",19,3,10,0,0,0.240150607924422,0.0444828584868651,0.576576522096246,20.679,10.3395,4.96607442126912
"100",11,9,"Kyle Massey",3,0.254385964912281,0,"Lacey Schwimmer","Actor/Actress","Georgia","United States",19,2,10,0,0,0.244009151448167,0.0424833756013237,0.595619923894746,20.679,10.3395,5.04586524279665
"101",11,9,"Brandy",9,0.25,0,"Maksim Chmerkoskiy","Singer/Rapper","Mississippi","United States",31,4,9,1,0,0.189198420726503,0.0333527723349964,0.488905880277586,20.679,10.3395,3.91243414220336
"102",2,1,"Tatum O'Neal",1,0.117948717948718,0,"Nick Kosovich","Actor/Actress","California","United States",42,9,2,0,0,0.0699565444063359,0.00865905576244928,0.212120493810438,17.46,8.73,1.22144126533463
"103",2,1,"Lisa Rinna",4,0.0974358974358974,0,"Louis van Amstel","Actor/Actress","California","United States",42,4,7,0,0,0.0996234435771344,0.0163767267226473,0.274826651386506,17.46,8.73,1.73942532485677
"104",2,1,"Tia Carrere",2,0.102564102564103,0,"Maksim Chmerkoskiy","Actor/Actress","Hawaii","United States",39,6,5,0,0,0.0838979520252577,0.0124103285061506,0.246747102688188,17.46,8.73,1.464858242361
"105",2,1,"Drew Lachey",9,0.123076923076923,1,"Cheryl Burke","Singer/Rapper","Ohio","United States",29,1,NA,0,0,0.180248272673613,0.0351993583829389,0.451426655697822,17.46,8.73,3.14713484088128
"106",2,1,"Stacy Keibler",5,0.112820512820513,0,"Tony Dovolani","Athlete","Maryland","United States",26,3,8,0,0,0.125293770777993,0.0237521705527845,0.327395188062901,17.46,8.73,2.18762923778376
"107",2,1,"Giselle Fernandez",7,0.117948717948718,0,"Jonathan Roberts","News Anchor",NA,"Mexico",44,8,3,0,0,0.0735952515961947,0.00944856071471105,0.227672639031749,17.46,8.73,1.28497309286956
"108",2,1,"George Hamilton",3,0.0923076923076923,0,"Edyta Sliwinska","Actor/Actress","Tennessee","United States",66,5,6,0,0,0.0934755757930622,0.0143264847523934,0.275344866851965,17.46,8.73,1.63208355334687
"109",2,1,"Master P",8,0.0615384615384615,0,"Ashly DelGrosso","Singer/Rapper","Louisiana","United States",35,7,4,0,0,0.0776955273873714,0.0103897660463946,0.232710279859864,17.46,8.73,1.3565639081835
"110",2,1,"Kenny Mayne",10,0.0666666666666667,0,"Andrea Hale","Sports Broadcaster","Washington","United States",46,10,1,1,0,0.0664199392341481,0.00787610822516344,0.206307468310639,17.46,8.73,1.15969213902823
"111",2,1,"Jerry Rice",6,0.107692307692308,0,"Anna Trebunskaya","Athlete","Mississippi","United States",43,2,8,0,0,0.12979372252889,0.0215779559472293,0.349959916055233,17.46,8.73,2.26619839535442
"112",2,2,"Tatum O'Neal",1,0.085,0,"Nick Kosovich","Actor/Actress","California","United States",42,9,2,1,0,0.0751404914161752,0.0092471748719089,0.225791371383049,17.36,8.68,1.3044389309848
"113",2,2,"Drew Lachey",9,0.135,1,"Cheryl Burke","Singer/Rapper","Ohio","United States",29,1,NA,0,0,0.192399961077133,0.0378032612903631,0.477684530518721,17.36,8.68,3.34006332429903
"114",2,2,"Tia Carrere",2,0.11,0,"Maksim Chmerkoskiy","Actor/Actress","Hawaii","United States",39,6,5,0,0,0.0900369850201553,0.013181794983583,0.266127005795099,17.36,8.68,1.5630420599499
"115",2,2,"George Hamilton",3,0.11,0,"Edyta Sliwinska","Actor/Actress","Tennessee","United States",66,5,6,0,0,0.100167117850777,0.0153523397998332,0.291381552898554,17.36,8.68,1.73890116588949
"116",2,2,"Stacy Keibler",5,0.145,0,"Tony Dovolani","Athlete","Maryland","United States",26,3,8,0,0,0.134109743233712,0.0253374291314477,0.348238025849668,17.36,8.68,2.32814514253723
"117",2,2,"Lisa Rinna",4,0.1,0,"Louis van Amstel","Actor/Actress","California","United States",42,4,7,0,0,0.106461540879726,0.0177270325292796,0.294954024957381,17.36,8.68,1.84817234967205
"118",2,2,"Jerry Rice",6,0.115,0,"Anna Trebunskaya","Athlete","Mississippi","United States",43,2,8,0,0,0.139028496509396,0.0235223642421738,0.36850808844733,17.36,8.68,2.41353469940312
"119",2,2,"Master P",8,0.08,0,"Ashly DelGrosso","Singer/Rapper","Louisiana","United States",35,7,4,0,0,0.0836051714996898,0.0111716659705526,0.248033007269528,17.36,8.68,1.45138577723461
"120",2,2,"Giselle Fernandez",7,0.12,0,"Jonathan Roberts","News Anchor",NA,"Mexico",44,8,3,0,0,0.0790504925132355,0.010068196663559,0.241377840051329,17.36,8.68,1.37231655002977
"121",2,3,"Drew Lachey",9,0.148351648351648,1,"Cheryl Burke","Singer/Rapper","Ohio","United States",29,1,NA,0,0,0.207113118630552,0.0405480021364355,0.509233342834487,18.98,9.49,3.93100699160788
"122",2,3,"Tia Carrere",2,0.142857142857143,0,"Maksim Chmerkoskiy","Actor/Actress","Hawaii","United States",39,6,5,0,0,0.0977206696545225,0.0142074863604719,0.286583952364933,18.98,9.49,1.85473831004284
"123",2,3,"George Hamilton",3,0.120879120879121,0,"Edyta Sliwinska","Actor/Actress","Tennessee","United States",66,5,6,0,0,0.108293096486931,0.0164621233473916,0.312581128036649,18.98,9.49,2.05540297132195
"124",2,3,"Stacy Keibler",5,0.148351648351648,0,"Tony Dovolani","Athlete","Maryland","United States",26,3,8,0,0,0.145142061288405,0.0273689518302358,0.37565968403292,18.98,9.49,2.75479632325393
"125",2,3,"Giselle Fernandez",7,0.120879120879121,0,"Jonathan Roberts","News Anchor",NA,"Mexico",44,8,3,1,0,0.0856369937369304,0.010890247422117,0.259567723809284,18.98,9.49,1.62539014112694
"126",2,3,"Master P",8,0.0769230769230769,0,"Ashly DelGrosso","Singer/Rapper","Louisiana","United States",35,7,4,0,0,0.0905007549071931,0.0120601461866005,0.265746259441333,18.98,9.49,1.71770432813853
"127",2,3,"Jerry Rice",6,0.104395604395604,0,"Anna Trebunskaya","Athlete","Mississippi","United States",43,2,8,0,0,0.150341227585859,0.0251666575949993,0.392111771139249,18.98,9.49,2.8534764995796
"128",2,3,"Lisa Rinna",4,0.137362637362637,0,"Louis van Amstel","Actor/Actress","California","United States",42,4,7,0,0,0.115252077709608,0.0190587542131965,0.321061143823391,18.98,9.49,2.18748443492836
"129",2,4,"Tia Carrere",2,0.158227848101266,0,"Maksim Chmerkoskiy","Actor/Actress","Hawaii","United States",39,6,5,0,0,0.107263781189728,0.015579553865894,0.309901785141214,19.37,9.685,2.07769944164503
"130",2,4,"George Hamilton",3,0.132911392405063,0,"Edyta Sliwinska","Actor/Actress","Tennessee","United States",66,5,6,0,0,0.1182590955757,0.0181438104170304,0.338939152829721,19.37,9.685,2.2906786813013
"131",2,4,"Lisa Rinna",4,0.164556962025316,0,"Louis van Amstel","Actor/Actress","California","United States",42,4,7,0,0,0.126221229671489,0.0205814045211264,0.346037904887095,19.37,9.685,2.44490521873674
"132",2,4,"Drew Lachey",9,0.177215189873418,1,"Cheryl Burke","Singer/Rapper","Ohio","United States",29,1,NA,0,0,0.225732932220579,0.044292124635424,0.539587047043648,19.37,9.685,4.37244689711262
"133",2,4,"Jerry Rice",6,0.151898734177215,0,"Anna Trebunskaya","Athlete","Mississippi","United States",43,2,8,0,0,0.16457248111757,0.0272213523745873,0.423977406280344,19.37,9.685,3.18776895924734
"134",2,4,"Stacy Keibler",5,0.164556962025316,0,"Tony Dovolani","Athlete","Maryland","United States",26,3,8,0,0,0.15874324970697,0.0294083457438781,0.405155387002495,19.37,9.685,3.07485674682401
"135",2,4,"Master P",8,0.0506329113924051,0,"Ashly DelGrosso","Singer/Rapper","Louisiana","United States",35,7,4,1,0,0.099207230517965,0.0134109542581723,0.289814458791738,19.37,9.685,1.92164405513298
"136",2,5,"George Hamilton",3,0.158940397350993,0,"Edyta Sliwinska","Actor/Actress","Tennessee","United States",66,5,6,0,0,0.131497283126921,0.0201894429507675,0.373347614397235,18.83,9.415,2.47609384127993
"137",2,5,"Lisa Rinna",4,0.165562913907285,0,"Louis van Amstel","Actor/Actress","California","United States",42,4,7,0,0,0.140769763125928,0.0222126971382997,0.377803597250502,18.83,9.415,2.65069463966123
"138",2,5,"Jerry Rice",6,0.152317880794702,0,"Anna Trebunskaya","Athlete","Mississippi","United States",43,2,8,0,0,0.182672551153392,0.0306379843750613,0.458064977510256,18.83,9.415,3.43972413821836
"139",2,5,"Tia Carrere",2,0.145695364238411,0,"Maksim Chmerkoskiy","Actor/Actress","Hawaii","United States",39,6,5,1,0,0.119227371883438,0.0174773403312316,0.342378446546018,18.83,9.415,2.24505141256515
"140",2,5,"Drew Lachey",9,0.178807947019868,1,"Cheryl Burke","Singer/Rapper","Ohio","United States",29,1,NA,0,0,0.249325515390014,0.0498787997726299,0.579505557612177,18.83,9.415,4.69479945479396
"141",2,5,"Stacy Keibler",5,0.198675496688742,0,"Tony Dovolani","Athlete","Maryland","United States",26,3,8,0,0,0.176507515320307,0.0330394455659974,0.442649413931815,18.83,9.415,3.32363651348138
"142",2,6,"Drew Lachey",9,0.225563909774436,1,"Cheryl Burke","Singer/Rapper","Ohio","United States",29,1,NA,0,0,0.281337775337604,0.0593102988047778,0.637740437014897,19.96,9.98,5.61550199573857
"143",2,6,"Lisa Rinna",4,0.203007518796992,0,"Louis van Amstel","Actor/Actress","California","United States",42,4,7,0,0,0.160434062114399,0.0252118716334397,0.425758188987855,19.96,9.98,3.20226387980341
"144",2,6,"George Hamilton",3,0.172932330827068,0,"Edyta Sliwinska","Actor/Actress","Tennessee","United States",66,5,6,1,0,0.14975146436157,0.0227276181725697,0.420858066042876,19.96,9.98,2.98903922865693
"145",2,6,"Stacy Keibler",5,0.225563909774436,0,"Tony Dovolani","Athlete","Maryland","United States",26,3,8,0,0,0.200870724518421,0.0383316817150463,0.499729403602252,19.96,9.98,4.00937966138768
"146",2,6,"Jerry Rice",6,0.172932330827068,0,"Anna Trebunskaya","Athlete","Mississippi","United States",43,2,8,0,0,0.207605973668007,0.0351320939633459,0.503397710069879,19.96,9.98,4.14381523441341
"147",2,7,"Lisa Rinna",4,0.259803921568627,0,"Louis van Amstel","Actor/Actress","California","United States",42,4,7,1,0,0.189782185921491,0.0304355680269985,0.500886785263656,19.26,9.63,3.65520490084791
"148",2,7,"Stacy Keibler",5,0.269607843137255,0,"Tony Dovolani","Athlete","Maryland","United States",26,3,8,0,0,0.235812851683214,0.0454131981316949,0.562150559339701,19.26,9.63,4.5417555234187
"149",2,7,"Drew Lachey",9,0.269607843137255,1,"Cheryl Burke","Singer/Rapper","Ohio","United States",29,1,NA,0,0,0.329792100291113,0.0730040158792299,0.709316884273154,19.26,9.63,6.35179585160685
"150",2,7,"Jerry Rice",6,0.200980392156863,0,"Anna Trebunskaya","Athlete","Mississippi","United States",43,2,8,0,0,0.244612862104182,0.041060644837907,0.582470121622956,19.26,9.63,4.71124372412655
"151",2,8,"Stacy Keibler",5,0.339920718960216,0,"Tony Dovolani","Athlete","Maryland","United States",26,3,8,1,1,0.293078307677916,0.0567953767140313,0.662630815212623,17.7,8.85,5.18748604589911
"152",2,8,"Jerry Rice",6,0.316206367858807,0,"Anna Trebunskaya","Athlete","Mississippi","United States",43,2,8,1,1,0.303174917008707,0.0501211961152813,0.682965727296916,17.7,8.85,5.36619603105411
"153",2,8,"Drew Lachey",9,0.343872913180977,1,"Cheryl Burke","Singer/Rapper","Ohio","United States",29,1,NA,0,1,0.403746775313378,0.0967581717295675,0.793435934006619,17.7,8.85,7.14631792304678
"154",20,1,"Suzanne Somers",1,0.0786163522012579,0,"Tony Dovolani","Actor/Actress","California","United States",68,9,5,0,0,0.0625568690670931,0.00844375040486022,0.191006451728064,14.16,7.08,0.885805265990038
"155",20,1,"Michael Sam",6,0.0817610062893082,0,"Peta Murgatroyd","Athlete","Texas","United States",25,10,4,0,0,0.0584394642317828,0.00752590058963431,0.174851565639266,14.16,7.08,0.827502813522045
"156",20,1,"Patti LaBelle",11,0.0786163522012579,0,"Artem Chigvintsev","Singer/Rapper","Pennsylvania","United States",70,8,6,0,0,0.0668481077665497,0.00861986735122844,0.197787460818778,14.16,7.08,0.946569205974344
"157",20,1,"Noah Galloway",9,0.0817610062893082,0,"Sharna Burgess","Motivational Speaker","Alabama","United States",33,3,10,0,0,0.106091268799934,0.0170892699264709,0.296493540315671,14.16,7.08,1.50225236620706
"158",20,1,"Chris Soules",12,0.0817610062893082,0,"Witney Carson","TV Personality","Iowa","United States",33,5,8,0,0,0.107554600104256,0.0168922813570222,0.298929314713306,14.16,7.08,1.52297313747627
"159",20,1,"Willow Shields",2,0.0786163522012579,0,"Mark Ballas","Actor/Actress","New Mexico","United States",14,7,7,0,0,0.0706300712978792,0.0095428299471692,0.210005887877223,14.16,7.08,1.00012180957797
"160",20,1,"Nastia Liukin",5,0.0943396226415094,0,"Derek Hough","Athlete",NA,"Russia",25,4,9,0,0,0.0823627321937065,0.0133563014889776,0.236285717197561,14.16,7.08,1.16625628786288
"161",20,1,"Robert Herjavec",7,0.0880503144654088,0,"Kym Johnson","Entrepreneur",NA,"Croatia",52,6,8,0,0,0.078079973883001,0.0104281647252197,0.235156270974843,14.16,7.08,1.10561243018329
"162",20,1,"Riker Lynch",3,0.0974842767295598,0,"Allison Holker","Actor/Actress","Colorado","United States",23,2,10,0,0,0.106443559304569,0.0177880306935736,0.305574482218393,14.16,7.08,1.5072407997527
"163",20,1,"Rumer Willis",4,0.10062893081761,1,"Valentin Chmerkovskiy","Actor/Actress","Kentucky","United States",26,1,NA,0,0,0.149778542695998,0.0275025007677389,0.396095362580637,14.16,7.08,2.12086416457533
"164",20,1,"Redfoo",10,0.0691823899371069,0,"Emma Slater","Singer/Rapper","California","United States",39,12,2,0,0,0.0537077544602987,0.00662691549697929,0.162309563008469,14.16,7.08,0.76050180315783
"165",20,1,"Charlotte McKinney",8,0.0691823899371069,0,"Keo Motsepe","Model","Florida","United States",21,11,3,0,0,0.0575070561949318,0.00694751450056568,0.177520544789932,14.16,7.08,0.814299915720234
"166",20,10,"Riker Lynch",3,0.344827586206897,0,"Allison Holker","Actor/Actress","Colorado","United States",23,2,10,1,1,0.296456107447987,0.0527689292327416,0.684848518033607,14.35,7.175,4.25414514187861
"167",20,10,"Noah Galloway",9,0.310344827586207,0,"Sharna Burgess","Motivational Speaker","Alabama","United States",33,3,10,1,1,0.296410243840342,0.0509815811320901,0.672670680304167,14.35,7.175,4.2534869991089
"168",20,10,"Rumer Willis",4,0.344827586206897,1,"Valentin Chmerkovskiy","Actor/Actress","Kentucky","United States",26,1,NA,0,1,0.407133648711671,0.0902425321549849,0.802474756350878,14.35,7.175,5.84236785901247
"169",20,2,"Nastia Liukin",5,0.0979827089337176,0,"Derek Hough","Athlete",NA,"Russia",25,4,9,0,0,0.0823627321937065,0.0133563014889776,0.236285717197561,13.85,6.925,1.14072384088283
"170",20,2,"Noah Galloway",9,0.0778097982708934,0,"Sharna Burgess","Motivational Speaker","Alabama","United States",33,3,10,0,0,0.106091268799934,0.0170892699264709,0.296493540315671,13.85,6.925,1.46936407287909
"171",20,2,"Rumer Willis",4,0.0922190201729107,1,"Valentin Chmerkovskiy","Actor/Actress","Kentucky","United States",26,1,NA,0,0,0.149778542695998,0.0275025007677389,0.396095362580637,13.85,6.925,2.07443281633957
"172",20,2,"Michael Sam",6,0.0806916426512968,0,"Peta Murgatroyd","Athlete","Texas","United States",25,10,4,0,0,0.0584394642317828,0.00752590058963431,0.174851565639266,13.85,6.925,0.809386579610192
"173",20,2,"Patti LaBelle",11,0.0806916426512968,0,"Artem Chigvintsev","Singer/Rapper","Pennsylvania","United States",70,8,6,0,0,0.0668481077665497,0.00861986735122844,0.197787460818778,13.85,6.925,0.925846292566713
"174",20,2,"Charlotte McKinney",8,0.0749279538904899,0,"Keo Motsepe","Model","Florida","United States",21,11,3,0,0,0.0575070561949318,0.00694751450056568,0.177520544789932,13.85,6.925,0.796472728299805
"175",20,2,"Redfoo",10,0.0893371757925072,0,"Emma Slater","Singer/Rapper","California","United States",39,12,2,1,0,0.0537077544602987,0.00662691549697929,0.162309563008469,13.85,6.925,0.743852399275137
"176",20,2,"Robert Herjavec",7,0.0806916426512968,0,"Kym Johnson","Entrepreneur",NA,"Croatia",52,6,8,0,0,0.078079973883001,0.0104281647252197,0.235156270974843,13.85,6.925,1.08140763827956
"177",20,2,"Chris Soules",12,0.0605187319884726,0,"Witney Carson","TV Personality","Iowa","United States",33,5,8,0,0,0.107554600104256,0.0168922813570222,0.298929314713306,13.85,6.925,1.48963121144395
"178",20,2,"Suzanne Somers",1,0.0806916426512968,0,"Tony Dovolani","Actor/Actress","California","United States",68,9,5,0,0,0.0625568690670931,0.00844375040486022,0.191006451728064,13.85,6.925,0.866412636579239
"179",20,2,"Willow Shields",2,0.0922190201729107,0,"Mark Ballas","Actor/Actress","New Mexico","United States",14,7,7,0,0,0.0706300712978792,0.0095428299471692,0.210005887877223,13.85,6.925,0.978226487475626
"180",20,2,"Riker Lynch",3,0.0922190201729107,0,"Allison Holker","Actor/Actress","Colorado","United States",23,2,10,0,0,0.106443559304569,0.0177880306935736,0.305574482218393,13.85,6.925,1.47424329636828
"181",20,3,"Patti LaBelle",11,0.0702875399361022,0,"Artem Chigvintsev","Singer/Rapper","Pennsylvania","United States",70,8,6,0,0,0.0708417171110327,0.00887833975586405,0.209661536485288,13.76,6.88,0.97478202744781
"182",20,3,"Robert Herjavec",7,0.0926517571884984,0,"Kym Johnson","Entrepreneur",NA,"Croatia",52,6,8,0,0,0.0826513200877955,0.0110108715274653,0.246341876948779,13.76,6.88,1.13728216440807
"183",20,3,"Rumer Willis",4,0.105431309904153,1,"Valentin Chmerkovskiy","Actor/Actress","Kentucky","United States",26,1,NA,0,0,0.15790831129297,0.0292352853850293,0.411654212330444,13.76,6.88,2.17281836339126
"184",20,3,"Michael Sam",6,0.0766773162939297,0,"Peta Murgatroyd","Athlete","Texas","United States",25,10,4,0,0,0.0618797450038197,0.00791521679113047,0.183504594697262,13.76,6.88,0.851465291252559
"185",20,3,"Noah Galloway",9,0.0958466453674121,0,"Sharna Burgess","Motivational Speaker","Alabama","United States",33,3,10,0,0,0.11210102497453,0.0178874649458032,0.311299038284323,13.76,6.88,1.54251010364953
"186",20,3,"Chris Soules",12,0.0894568690095847,0,"Witney Carson","TV Personality","Iowa","United States",33,5,8,0,0,0.113583801925843,0.0182927440520175,0.317096980039273,13.76,6.88,1.56291311449959
"187",20,3,"Willow Shields",2,0.10223642172524,0,"Mark Ballas","Actor/Actress","New Mexico","United States",14,7,7,0,0,0.0747656750395726,0.0100125825786102,0.220199877188473,13.76,6.88,1.02877568854452
"188",20,3,"Suzanne Somers",1,0.0798722044728434,0,"Tony Dovolani","Actor/Actress","California","United States",68,9,5,0,0,0.0661318745588819,0.00897430759535094,0.200554965815439,13.76,6.88,0.909974593930215
"189",20,3,"Nastia Liukin",5,0.108626198083067,0,"Derek Hough","Athlete",NA,"Russia",25,4,9,0,0,0.0869832378232389,0.0141028140348778,0.248725377146129,13.76,6.88,1.19688935244777
"190",20,3,"Charlotte McKinney",8,0.0702875399361022,0,"Keo Motsepe","Model","Florida","United States",21,11,3,1,0,0.0609205333645133,0.00734184388358601,0.188409152304252,13.76,6.88,0.838266539095702
"191",20,3,"Riker Lynch",3,0.108626198083067,0,"Allison Holker","Actor/Actress","Colorado","United States",23,2,10,0,0,0.112232758817804,0.018682441358787,0.320454858538459,13.76,6.88,1.54432276133298
"192",20,4,"Patti LaBelle",11,0.0923076923076923,0,"Artem Chigvintsev","Singer/Rapper","Pennsylvania","United States",70,8,6,0,0,0.0753838754265679,0.0097659615959184,0.223518957755894,13.75,6.875,1.03652828711531
"193",20,4,"Chris Soules",12,0.0830769230769231,0,"Witney Carson","TV Personality","Iowa","United States",33,5,8,0,0,0.121053759607457,0.0195769882300646,0.330701195474982,13.75,6.875,1.66448919460254
"194",20,4,"Rumer Willis",4,0.107692307692308,1,"Valentin Chmerkovskiy","Actor/Actress","Kentucky","United States",26,1,NA,0,0,0.167751090611275,0.0315804872574266,0.434831364501603,13.75,6.875,2.30657749590504
"195",20,4,"Michael Sam",6,0.0923076923076923,0,"Peta Murgatroyd","Athlete","Texas","United States",25,10,4,1,0,0.0660776326744463,0.00846415447325177,0.19518690118372,13.75,6.875,0.908567449273637
"196",20,4,"Suzanne Somers",1,0.0861538461538462,0,"Tony Dovolani","Actor/Actress","California","United States",68,9,5,0,0,0.0704764368268669,0.00958833640747542,0.212057753394676,13.75,6.875,0.96905100636942
"197",20,4,"Nastia Liukin",5,0.110769230769231,0,"Derek Hough","Athlete",NA,"Russia",25,4,9,0,0,0.0926806588012976,0.015138658646016,0.265684941784632,13.75,6.875,1.27435905851784
"198",20,4,"Noah Galloway",9,0.0984615384615385,0,"Sharna Burgess","Motivational Speaker","Alabama","United States",33,3,10,0,0,0.119373438338114,0.0191295876644123,0.328755189517485,13.75,6.875,1.64138477714907
"199",20,4,"Willow Shields",2,0.12,0,"Mark Ballas","Actor/Actress","New Mexico","United States",14,7,7,0,0,0.0797081372367705,0.010544061886775,0.235295704458364,13.75,6.875,1.0959868870056
"200",20,4,"Riker Lynch",3,0.104615384615385,0,"Allison Holker","Actor/Actress","Colorado","United States",23,2,10,0,0,0.119387088771968,0.0196959855236139,0.340446858695437,13.75,6.875,1.64157247061456
"201",20,4,"Robert Herjavec",7,0.104615384615385,0,"Kym Johnson","Entrepreneur",NA,"Croatia",52,6,8,0,0,0.0881078817052349,0.011910161545703,0.261596367363129,13.75,6.875,1.21148337344698
"202",20,5,"Nastia Liukin",5,0.134275618374558,0,"Derek Hough","Athlete",NA,"Russia",25,4,9,0,0,0.0994136519059422,0.016189768751148,0.286548919669511,13.89,6.945,1.38085562497354
"203",20,5,"Chris Soules",12,0.0954063604240283,0,"Witney Carson","TV Personality","Iowa","United States",33,5,8,0,0,0.129504156984639,0.0211170521036777,0.355029367213204,13.89,6.945,1.79881274051663
"204",20,5,"Patti LaBelle",11,0.0954063604240283,0,"Artem Chigvintsev","Singer/Rapper","Pennsylvania","United States",70,8,6,0,0,0.0808681569501394,0.0103831756846451,0.238488980460513,13.89,6.945,1.12325870003744
"205",20,5,"Suzanne Somers",1,0.0989399293286219,0,"Tony Dovolani","Actor/Actress","California","United States",68,9,5,1,0,0.0756437852798476,0.0100319871126388,0.230187927179611,13.89,6.945,1.05069217753708
"206",20,5,"Robert Herjavec",7,0.0848056537102474,0,"Kym Johnson","Entrepreneur",NA,"Croatia",52,6,8,0,0,0.0942757668341597,0.0127792807183571,0.280357541874533,13.89,6.945,1.30949040132648
"207",20,5,"Noah Galloway",9,0.0989399293286219,0,"Sharna Burgess","Motivational Speaker","Alabama","United States",33,3,10,0,0,0.127470451154636,0.020289360576966,0.346744727632634,13.89,6.945,1.77056456653789
"208",20,5,"Riker Lynch",3,0.134275618374558,0,"Allison Holker","Actor/Actress","Colorado","United States",23,2,10,0,0,0.127841647001592,0.0216861668157741,0.36108744259674,13.89,6.945,1.77572047685211
"209",20,5,"Rumer Willis",4,0.137809187279152,1,"Valentin Chmerkovskiy","Actor/Actress","Kentucky","United States",26,1,NA,0,0,0.179370344918383,0.0339854531625355,0.459218485195002,13.89,6.945,2.49145409091634
"210",20,5,"Willow Shields",2,0.120141342756184,0,"Mark Ballas","Actor/Actress","New Mexico","United States",14,7,7,0,0,0.0856120389706623,0.0113377394814831,0.254599392888673,13.89,6.945,1.1891512213025
"211",20,6,"Chris Soules",12,0.123674911660777,0,"Witney Carson","TV Personality","Iowa","United States",33,5,8,0,0,0.139896522491025,0.0232881591018702,0.379943253347163,13.42,6.71,1.87741133182956
"212",20,6,"Robert Herjavec",7,0.118374558303887,0,"Kym Johnson","Entrepreneur",NA,"Croatia",52,6,8,0,0,0.101896511913491,0.0136858881405893,0.299551875799155,13.42,6.71,1.36745118987905
"213",20,6,"Noah Galloway",9,0.120141342756184,0,"Sharna Burgess","Motivational Speaker","Alabama","United States",33,3,10,0,0,0.138149423646076,0.0218294702724111,0.371548145068962,13.42,6.71,1.85396526533034
"214",20,6,"Patti LaBelle",11,0.120141342756184,0,"Artem Chigvintsev","Singer/Rapper","Pennsylvania","United States",70,8,6,1,0,0.0875690120551304,0.0111982302823639,0.255831388032392,13.42,6.71,1.17517614177985
"215",20,6,"Willow Shields",2,0.128975265017668,0,"Mark Ballas","Actor/Actress","New Mexico","United States",14,7,7,0,0,0.0927602672486554,0.0124016952954999,0.278556145917095,13.42,6.71,1.24484278647696
"216",20,6,"Nastia Liukin",5,0.128975265017668,0,"Derek Hough","Athlete",NA,"Russia",25,4,9,0,0,0.10776674564001,0.01690344808727,0.309738568025457,13.42,6.71,1.44622972648894
"217",20,6,"Riker Lynch",3,0.134275618374558,0,"Allison Holker","Actor/Actress","Colorado","United States",23,2,10,0,0,0.138599049096733,0.0238993293416799,0.38287705087888,13.42,6.71,1.85999923887816
"218",20,6,"Rumer Willis",4,0.125441696113074,1,"Valentin Chmerkovskiy","Actor/Actress","Kentucky","United States",26,1,NA,0,0,0.193362467908879,0.0368601967926125,0.483673187641512,13.42,6.71,2.59492431933716
"219",20,7,"Nastia Liukin",5,0.161417322834646,0,"Derek Hough","Athlete",NA,"Russia",25,4,9,0,0,0.118372205198928,0.018569975316123,0.333930273637362,13.22,6.61,1.56488055272982
"220",20,7,"Riker Lynch",3,0.145669291338583,0,"Allison Holker","Actor/Actress","Colorado","United States",23,2,10,0,0,0.151415981428477,0.025977347357523,0.419150606365035,13.22,6.61,2.00171927448446
"221",20,7,"Robert Herjavec",7,0.122047244094488,0,"Kym Johnson","Entrepreneur",NA,"Croatia",52,6,8,0,0,0.111957429851619,0.0148102093692362,0.328482240326191,13.22,6.61,1.48007722263841
"222",20,7,"Chris Soules",12,0.122047244094488,0,"Witney Carson","TV Personality","Iowa","United States",33,5,8,0,0,0.153191534750975,0.025565233225927,0.408225783573667,13.22,6.61,2.0251920894079
"223",20,7,"Willow Shields",2,0.153543307086614,0,"Mark Ballas","Actor/Actress","New Mexico","United States",14,7,7,1,0,0.101987746535561,0.0134095321954984,0.30317451487173,13.22,6.61,1.34827800920011
"224",20,7,"Rumer Willis",4,0.145669291338583,1,"Valentin Chmerkovskiy","Actor/Actress","Kentucky","United States",26,1,NA,0,0,0.211496296537863,0.0409888029806103,0.521864359815483,13.22,6.61,2.79598104023055
"225",20,7,"Noah Galloway",9,0.149606299212598,0,"Sharna Burgess","Motivational Speaker","Alabama","United States",33,3,10,0,0,0.151578805696578,0.0237770475210263,0.405897148325774,13.22,6.61,2.00387181130876
"226",20,8,"Robert Herjavec",7,0.146572104018913,0,"Kym Johnson","Entrepreneur",NA,"Croatia",52,6,8,1,0,0.124724591842658,0.0164947828271052,0.35562425768219,12.43,6.215,1.55032667660424
"227",20,8,"Rumer Willis",4,0.189125295508274,1,"Valentin Chmerkovskiy","Actor/Actress","Kentucky","United States",26,1,NA,0,0,0.234559002681012,0.0458321665703893,0.559486574392783,12.43,6.215,2.91556840332498
"228",20,8,"Riker Lynch",3,0.184397163120567,0,"Allison Holker","Actor/Actress","Colorado","United States",23,2,10,0,0,0.168827091120356,0.0284143700829161,0.458013186553785,12.43,6.215,2.09852074262602
"229",20,8,"Chris Soules",12,0.151300236406619,0,"Witney Carson","TV Personality","Iowa","United States",33,5,8,1,0,0.171249715610873,0.02827823873072,0.455369095591389,12.43,6.215,2.12863396504315
"230",20,8,"Nastia Liukin",5,0.179669030732861,0,"Derek Hough","Athlete",NA,"Russia",25,4,9,0,0,0.13198213513082,0.0210347772739641,0.372409516224346,12.43,6.215,1.64053793967609
"231",20,8,"Noah Galloway",9,0.148936170212766,0,"Sharna Burgess","Motivational Speaker","Alabama","United States",33,3,10,0,0,0.168657463614281,0.0274237485543255,0.442586426506093,12.43,6.215,2.09641227272552
"232",20,9,"Rumer Willis",4,0.248407643312102,1,"Valentin Chmerkovskiy","Actor/Actress","Kentucky","United States",26,1,NA,0,0,0.330939558529323,0.0704843906944229,0.71124371640921,13.48,6.74,4.46106524897527
"233",20,9,"Riker Lynch",3,0.254777070063694,0,"Allison Holker","Actor/Actress","Colorado","United States",23,2,10,0,0,0.240090775711131,0.0409046959153666,0.590529186101967,13.48,6.74,3.23642365658604
"234",20,9,"Nastia Liukin",5,0.254777070063694,0,"Derek Hough","Athlete",NA,"Russia",25,4,9,1,0,0.189145132785007,0.0299525412385689,0.507019304476825,13.48,6.74,2.5496763899419
"235",20,9,"Noah Galloway",9,0.24203821656051,0,"Sharna Burgess","Motivational Speaker","Alabama","United States",33,3,10,0,0,0.239824532974539,0.0409904128570589,0.577146531602575,13.48,6.74,3.23283470449678
"236",27,1,"Juan Pablo Di Pace",1,0.0862745098039216,0,"Cheryl Burke","Actor/Actress",NA,"Argentina",39,5,8,0,0,0.0649661780986974,0.00945301586513806,0.187331960015081,7.06,3.53,0.458661217376803
"237",27,1,"Milo Manheim",5,0.0784313725490196,0,"Witney Carson","Actor/Actress","California","United States",17,2,9,0,0,0.0912558537227089,0.0132035363379769,0.273729019183496,7.06,3.53,0.644266327282325
"238",27,1,"Danelle Umstead",6,0.0705882352941176,0,"Artem Chigvintsev","Athlete","New Mexico","United States",46,12,2,0,0,0.0517138844301023,0.00636843347532356,0.158026032887034,7.06,3.53,0.365100024076522
"239",27,1,"John Schneider",4,0.0705882352941176,0,"Emma Slater","Actor/Actress","New York","United States",58,8,7,0,0,0.0617804593060149,0.00907004247263455,0.181019586207606,7.06,3.53,0.436170042700465
"240",27,1,"DeMarcus Ware",8,0.0901960784313726,0,"Lindsay Arnold","Athlete","Alabama","United States",36,7,7,0,0,0.0944846775165238,0.0138393700825615,0.271911434059696,7.06,3.53,0.667061823266658
"241",27,1,"Nancy McKeon",3,0.0764705882352941,0,"Valentin Chmerkovskiy","Actor/Actress","New York","United States",52,11,3,0,0,0.0552204904608797,0.00649119174979599,0.170084235283845,7.06,3.53,0.389856662653811
"242",27,1,"Joe Amabile",13,0.0549019607843137,0,"Jenna Johnson","TV Personality","Illinois","United States",32,6,8,0,0,0.0978666217110895,0.0159580399569959,0.270793327984851,7.06,3.53,0.690938349280292
"243",27,1,"Nikki Glaser",9,0.0686274509803922,0,"Gleb Savchenko","Comedian","Ohio","United States",34,13,1,1,0,0.0505025586507491,0.00586237504904123,0.160964982977441,7.06,3.53,0.356548064074288
"244",27,1,"Evanna Lynch",2,0.0705882352941176,0,"Keo Motsepe","Actor/Actress",NA,"Ireland",27,3,9,0,0,0.0908621971540452,0.0136865103636528,0.263662170039731,7.06,3.53,0.641487111907559
"245",27,1,"Tinashe",11,0.0901960784313726,0,"Brandon Armstrong","Singer/Rapper","Kentucky","United States",25,10,4,0,0,0.0566588449519982,0.00788417600352505,0.17581084590255,7.06,3.53,0.400011445361107
"246",27,1,"Mary Lou Retton",7,0.0784313725490196,0,"Sasha Farber","Athlete","West Virginia","United States",50,9,6,0,0,0.0608024016321959,0.00792901060841636,0.188766738539204,7.06,3.53,0.429264955523303
"247",27,1,"Bobby Bones",10,0.0784313725490196,1,"Sharna Burgess","Radio Personality","Arkansas","United States",38,1,NA,0,0,0.133351676677216,0.021422170878297,0.364404630813452,7.06,3.53,0.941462837341142
"248",27,1,"Alexis Ren",12,0.0862745098039216,0,"Alan Bersten","Social Media Personality","California","United States",21,4,9,0,0,0.0905341556877797,0.0137198139563355,0.265706859701291,7.06,3.53,0.639171139155725
"249",27,2,"Joe Amabile",13,0.0646950092421442,0,"Jenna Johnson","TV Personality","Illinois","United States",32,6,8,0,0,0.102958866491123,0.0168460281090933,0.281476468179869,6.1,3.05,0.628049085595849
"250",27,2,"Milo Manheim",5,0.0961182994454713,0,"Witney Carson","Actor/Actress","California","United States",17,2,9,0,0,0.0960944796882927,0.0138333550526374,0.290945353549746,6.1,3.05,0.586176326098585
"251",27,2,"Mary Lou Retton",7,0.0850277264325323,0,"Sasha Farber","Athlete","West Virginia","United States",50,9,6,0,0,0.0640125360984087,0.00839915428308216,0.197081062530107,6.1,3.05,0.390476470200293
"252",27,2,"Danelle Umstead",6,0.0683918669131238,0,"Artem Chigvintsev","Athlete","New Mexico","United States",46,12,2,1,0,0.0545818560164095,0.00678673242218884,0.166483987121137,6.1,3.05,0.332949321700098
"253",27,2,"DeMarcus Ware",8,0.0868761552680222,0,"Lindsay Arnold","Athlete","Alabama","United States",36,7,7,0,0,0.0997615000248831,0.0143957535720576,0.291344491379613,6.1,3.05,0.608545150151787
"254",27,2,"Juan Pablo Di Pace",1,0.0961182994454713,0,"Cheryl Burke","Actor/Actress",NA,"Argentina",39,5,8,0,0,0.0685500511717202,0.00989963537291575,0.199050689732786,6.1,3.05,0.418155312147493
"255",27,2,"John Schneider",4,0.0794824399260629,0,"Emma Slater","Actor/Actress","New York","United States",58,8,7,0,0,0.0651254423527899,0.00955617470915515,0.188534120943988,6.1,3.05,0.397265198352018
"256",27,2,"Evanna Lynch",2,0.088724584103512,0,"Keo Motsepe","Actor/Actress",NA,"Ireland",27,3,9,0,0,0.0956833535239156,0.0142238430256147,0.276034454327704,6.1,3.05,0.583668456495885
"257",27,2,"Nancy McKeon",3,0.0757855822550832,0,"Valentin Chmerkovskiy","Actor/Actress","New York","United States",52,11,3,0,0,0.0581828336356863,0.00695272811960867,0.178035522215339,6.1,3.05,0.354915285177687
"258",27,2,"Bobby Bones",10,0.0720887245841035,1,"Sharna Burgess","Radio Personality","Arkansas","United States",38,1,NA,0,0,0.139941401947946,0.0226947317579502,0.380174786217488,6.1,3.05,0.853642551882468
"259",27,2,"Tinashe",11,0.0961182994454713,0,"Brandon Armstrong","Singer/Rapper","Kentucky","United States",25,10,4,0,0,0.0596693527810281,0.00820570512459404,0.185353884604958,6.1,3.05,0.363983051964271
"260",27,2,"Alexis Ren",12,0.0905730129390018,0,"Alan Bersten","Social Media Personality","California","United States",21,4,9,0,0,0.095438326267797,0.0143744788017763,0.27797146157508,6.1,3.05,0.582173790233562
"261",27,3,"Milo Manheim",5,0.0996309963099631,0,"Witney Carson","Actor/Actress","California","United States",17,2,9,0,0,0.101477685895943,0.0148189615391294,0.300864084455788,7.22,3.61,0.732668892168712
"262",27,3,"Juan Pablo Di Pace",1,0.11070110701107,0,"Cheryl Burke","Actor/Actress",NA,"Argentina",39,5,8,0,0,0.0726453380545904,0.0104973549424824,0.208079494567126,7.22,3.61,0.524499340754143
"263",27,3,"Alexis Ren",12,0.0959409594095941,0,"Alan Bersten","Social Media Personality","California","United States",21,4,9,0,0,0.100958428333836,0.0150060245587104,0.289910282809485,7.22,3.61,0.728919852570298
"264",27,3,"Nancy McKeon",3,0.0811808118081181,0,"Valentin Chmerkovskiy","Actor/Actress","New York","United States",52,11,3,1,0,0.0617212828358025,0.00731854436596017,0.18760161305674,7.22,3.61,0.445627662074494
"265",27,3,"Tinashe",11,0.0996309963099631,0,"Brandon Armstrong","Singer/Rapper","Kentucky","United States",25,10,4,0,0,0.0631805026713347,0.00866341588131848,0.195523834086723,7.22,3.61,0.456163229287037
"266",27,3,"Joe Amabile",13,0.0664206642066421,0,"Jenna Johnson","TV Personality","Illinois","United States",32,6,8,0,0,0.108663345853064,0.0177993364463763,0.296216501684356,7.22,3.61,0.784549357059122
"267",27,3,"Evanna Lynch",2,0.0996309963099631,0,"Keo Motsepe","Actor/Actress",NA,"Ireland",27,3,9,0,0,0.101177126722329,0.0150485285805141,0.289410676757248,7.22,3.61,0.730498854935214
"268",27,3,"Mary Lou Retton",7,0.0885608856088561,0,"Sasha Farber","Athlete","West Virginia","United States",50,9,6,0,0,0.06782006984484,0.00867228412063788,0.207755094626005,7.22,3.61,0.489660904279745
"269",27,3,"John Schneider",4,0.0774907749077491,0,"Emma Slater","Actor/Actress","New York","United States",58,8,7,0,0,0.0689758489929782,0.0101698147613369,0.199362726340142,7.22,3.61,0.498005629729303
"270",27,3,"DeMarcus Ware",8,0.0959409594095941,0,"Lindsay Arnold","Athlete","Alabama","United States",36,7,7,0,0,0.105687330367281,0.0152824208536504,0.308473079084204,7.22,3.61,0.763062525251767
"271",27,3,"Bobby Bones",10,0.0848708487084871,1,"Sharna Burgess","Radio Personality","Arkansas","United States",38,1,NA,0,0,0.147693040428001,0.0239305046774684,0.400106854464927,7.22,3.61,1.06634375189017
"272",27,4,"Juan Pablo Di Pace",1,0.103448275862069,0,"Cheryl Burke","Actor/Actress",NA,"Argentina",39,5,8,0,0,0.0774327560108336,0.0112206093908666,0.224734469372023,6.89,3.445,0.533511688914644
"273",27,4,"Alexis Ren",12,0.107758620689655,0,"Alan Bersten","Social Media Personality","California","United States",21,4,9,0,0,0.107750347404972,0.0160109914267048,0.306952095136047,6.89,3.445,0.742399893620254
"274",27,4,"Milo Manheim",5,0.125,0,"Witney Carson","Actor/Actress","California","United States",17,2,9,0,0,0.108307149188065,0.0157833558274631,0.319030195996891,6.89,3.445,0.746236257905767
"275",27,4,"Evanna Lynch",2,0.103448275862069,0,"Keo Motsepe","Actor/Actress",NA,"Ireland",27,3,9,0,0,0.107750453611075,0.0156983563765746,0.303412555896996,6.89,3.445,0.742400625380308
"276",27,4,"DeMarcus Ware",8,0.0948275862068966,0,"Lindsay Arnold","Athlete","Alabama","United States",36,7,7,0,0,0.112422437058553,0.0166428235950069,0.325084010185987,6.89,3.445,0.774590591333428
"277",27,4,"Bobby Bones",10,0.0862068965517241,1,"Sharna Burgess","Radio Personality","Arkansas","United States",38,1,NA,0,0,0.157080012729773,0.0252992130548831,0.423877602617085,6.89,3.445,1.08228128770813
"278",27,4,"Tinashe",11,0.112068965517241,0,"Brandon Armstrong","Singer/Rapper","Kentucky","United States",25,10,4,1,0,0.067485085744155,0.00915656098574513,0.204477771365552,6.89,3.445,0.464972240777228
"279",27,4,"John Schneider",4,0.0905172413793104,0,"Emma Slater","Actor/Actress","New York","United States",58,8,7,0,0,0.073640612915472,0.0105922063935015,0.211963148568362,6.89,3.445,0.507383822987602
"280",27,4,"Joe Amabile",13,0.0646551724137931,0,"Jenna Johnson","TV Personality","Illinois","United States",32,6,8,0,0,0.115746659567647,0.0193285382711765,0.314711660375816,6.89,3.445,0.797494484421087
"281",27,4,"Mary Lou Retton",7,0.112068965517241,0,"Sasha Farber","Athlete","West Virginia","United States",50,9,6,0,0,0.0723844857694558,0.00907309080489046,0.22118340512857,6.89,3.445,0.49872910695155
"282",27,5,"DeMarcus Ware",8,0.117117117117117,0,"Lindsay Arnold","Athlete","Alabama","United States",36,7,7,0,0,0.120497003038285,0.0177698133840084,0.347517559568441,7.27,3.635,0.876013212088332
"283",27,5,"Milo Manheim",5,0.121621621621622,0,"Witney Carson","Actor/Actress","California","United States",17,2,9,0,0,0.116115760088124,0.0169178910281784,0.337075684419784,7.27,3.635,0.844161575840662
"284",27,5,"Juan Pablo Di Pace",1,0.130630630630631,0,"Cheryl Burke","Actor/Actress",NA,"Argentina",39,5,8,0,0,0.0831763821504701,0.0123980288010069,0.238881082807734,7.27,3.635,0.604692298233918
"285",27,5,"Joe Amabile",13,0.0765765765765766,0,"Jenna Johnson","TV Personality","Illinois","United States",32,6,8,0,0,0.124425345149688,0.0208903398458519,0.335875828601458,7.27,3.635,0.904572259238229
"286",27,5,"Bobby Bones",10,0.0945945945945946,1,"Sharna Burgess","Radio Personality","Arkansas","United States",38,1,NA,0,0,0.167946720915167,0.0277003531965169,0.450404089232974,7.27,3.635,1.22097266105326
"287",27,5,"Alexis Ren",12,0.130630630630631,0,"Alan Bersten","Social Media Personality","California","United States",21,4,9,0,0,0.115921084268103,0.0170265595984847,0.329087587373386,7.27,3.635,0.842746282629112
"288",27,5,"Evanna Lynch",2,0.108108108108108,0,"Keo Motsepe","Actor/Actress",NA,"Ireland",27,3,9,0,0,0.115227916567444,0.0172283644692832,0.319312722545691,7.27,3.635,0.837706953445319
"289",27,5,"John Schneider",4,0.108108108108108,0,"Emma Slater","Actor/Actress","New York","United States",58,8,7,0,0,0.0790356985406236,0.0114501985319482,0.230312773841072,7.27,3.635,0.574589528390334
"290",27,5,"Mary Lou Retton",7,0.112612612612613,0,"Sasha Farber","Athlete","West Virginia","United States",50,9,6,0,0,0.0776540892820943,0.00983812814890178,0.233426646049675,7.27,3.635,0.564545229080825
"291",27,6,"DeMarcus Ware",8,0.11353711790393,0,"Lindsay Arnold","Athlete","Alabama","United States",36,7,7,0,0,0.120497003038285,0.0177698133840084,0.347517559568441,7.25,3.625,0.873603272027567
"292",27,6,"Milo Manheim",5,0.131004366812227,0,"Witney Carson","Actor/Actress","California","United States",17,2,9,0,0,0.116115760088124,0.0169178910281784,0.337075684419784,7.25,3.625,0.8418392606389
"293",27,6,"Juan Pablo Di Pace",1,0.131004366812227,0,"Cheryl Burke","Actor/Actress",NA,"Argentina",39,5,8,0,0,0.0831763821504701,0.0123980288010069,0.238881082807734,7.25,3.625,0.603028770590908
"294",27,6,"Joe Amabile",13,0.0960698689956332,0,"Jenna Johnson","TV Personality","Illinois","United States",32,6,8,0,0,0.124425345149688,0.0208903398458519,0.335875828601458,7.25,3.625,0.902083752335236
"295",27,6,"Mary Lou Retton",7,0.104803493449782,0,"Sasha Farber","Athlete","West Virginia","United States",50,9,6,1,0,0.0776540892820943,0.00983812814890178,0.233426646049675,7.25,3.625,0.562992147295184
"296",27,6,"Evanna Lynch",2,0.126637554585153,0,"Keo Motsepe","Actor/Actress",NA,"Ireland",27,3,9,0,0,0.115227916567444,0.0172283644692832,0.319312722545691,7.25,3.625,0.83540239511397
"297",27,6,"Alexis Ren",12,0.117903930131004,0,"Alan Bersten","Social Media Personality","California","United States",21,4,9,0,0,0.115921084268103,0.0170265595984847,0.329087587373386,7.25,3.625,0.84042786094375
"298",27,6,"Bobby Bones",10,0.0960698689956332,1,"Sharna Burgess","Radio Personality","Arkansas","United States",38,1,NA,0,0,0.167946720915167,0.0277003531965169,0.450404089232974,7.25,3.625,1.21761372663496
"299",27,6,"John Schneider",4,0.0829694323144105,0,"Emma Slater","Actor/Actress","New York","United States",58,8,7,0,0,0.0790356985406236,0.0114501985319482,0.230312773841072,7.25,3.625,0.573008814419521
"300",27,7,"Evanna Lynch",2,0.135632183908046,0,"Keo Motsepe","Actor/Actress",NA,"Ireland",27,3,9,0,0,0.124872600750745,0.0188201525997816,0.348536080049981,7.1,3.55,0.886595465330289
"301",27,7,"Alexis Ren",12,0.126436781609195,0,"Alan Bersten","Social Media Personality","California","United States",21,4,9,0,0,0.125879773497946,0.0183540556966556,0.358811181781989,7.1,3.55,0.893746391835418
"302",27,7,"DeMarcus Ware",8,0.12183908045977,0,"Lindsay Arnold","Athlete","Alabama","United States",36,7,7,1,0,0.130617964764572,0.0192775408450379,0.370264489886996,7.1,3.55,0.927387549828464
"303",27,7,"John Schneider",4,0.124137931034483,0,"Emma Slater","Actor/Actress","New York","United States",58,8,7,1,0,0.0857264503269185,0.0124314273235588,0.245773763412391,7.1,3.55,0.608657797321121
"304",27,7,"Joe Amabile",13,0.108045977011494,0,"Jenna Johnson","TV Personality","Illinois","United States",32,6,8,0,0,0.134923315569026,0.02245372418195,0.36306334155599,7.1,3.55,0.957955540540083
"305",27,7,"Milo Manheim",5,0.133333333333333,0,"Witney Carson","Actor/Actress","California","United States",17,2,9,0,0,0.126022441599398,0.0180157162555797,0.369922353583824,7.1,3.55,0.894759335355725
"306",27,7,"Juan Pablo Di Pace",1,0.128735632183908,0,"Cheryl Burke","Actor/Actress",NA,"Argentina",39,5,8,0,0,0.0905751417659198,0.0134571365214597,0.255153238516447,7.1,3.55,0.64308350653803
"307",27,7,"Bobby Bones",10,0.12183908045977,1,"Sharna Burgess","Radio Personality","Arkansas","United States",38,1,NA,0,0,0.181382311725474,0.0299439691978686,0.474331155619458,7.1,3.55,1.28781441325087
"308",27,8,"Juan Pablo Di Pace",1,0.186335403726708,0,"Cheryl Burke","Actor/Actress",NA,"Argentina",39,5,8,1,0,0.117040122252512,0.0169591311102446,0.324758809639158,7.29,3.645,0.85322249122081
"309",27,8,"Evanna Lynch",2,0.180124223602484,0,"Keo Motsepe","Actor/Actress",NA,"Ireland",27,3,9,0,0,0.159830542986383,0.0242542133900655,0.43296901904744,7.29,3.645,1.16516465837073
"310",27,8,"Joe Amabile",13,0.142857142857143,0,"Jenna Johnson","TV Personality","Illinois","United States",32,6,8,1,0,0.172032264351731,0.0285705942308469,0.4447331857478,7.29,3.645,1.25411520712412
"311",27,8,"Bobby Bones",10,0.139751552795031,1,"Sharna Burgess","Radio Personality","Arkansas","United States",38,1,NA,0,0,0.230605275282335,0.0405917588263525,0.572011333921908,7.29,3.645,1.68111245680823
"312",27,8,"Alexis Ren",12,0.180124223602484,0,"Alan Bersten","Social Media Personality","California","United States",21,4,9,0,0,0.160510754984043,0.0239208930877287,0.434008408089247,7.29,3.645,1.17012340383367
"313",27,8,"Milo Manheim",5,0.170807453416149,0,"Witney Carson","Actor/Actress","California","United States",17,2,9,0,0,0.159981040142996,0.0240825990314914,0.442511276618145,7.29,3.645,1.16626178264244
"314",27,9,"Evanna Lynch",2,0.25974025974026,0,"Keo Motsepe","Actor/Actress",NA,"Ireland",27,3,9,1,1,0.225322052169135,0.0348288646803487,0.57046774056071,7.9,3.95,1.78004421213617
"315",27,9,"Milo Manheim",5,0.25974025974026,0,"Witney Carson","Actor/Actress","California","United States",17,2,9,1,1,0.226130348777808,0.0359983526871965,0.580314814197382,7.9,3.95,1.78642975534469
"316",27,9,"Bobby Bones",10,0.233766233766234,1,"Sharna Burgess","Radio Personality","Arkansas","United States",38,1,NA,0,1,0.320875803962945,0.0609887158452327,0.710369698068156,7.9,3.95,2.53491885130726
"317",27,9,"Alexis Ren",12,0.246753246753247,0,"Alan Bersten","Social Media Personality","California","United States",21,4,9,1,1,0.227671795090112,0.034210600553929,0.570777986765485,7.9,3.95,1.79860718121189
"318",4,1,"John Ratzenberger",1,0.0825242718446602,0,"Edyta Sliwinska","Actor/Actress","Connecticut","United States",59,6,7,0,0,0.0810533100641173,0.011291528751814,0.235689140503822,21.8,10.9,1.76696215939776
"319",4,1,"Shandi Finnessey",6,0.0922330097087379,0,"Brian Fortuna","Beauty Pagent","Missouri","United States",28,10,3,0,0,0.0627073613770365,0.00854050453459361,0.189956155636111,21.8,10.9,1.3670204780194
"320",4,1,"Heather Mills",8,0.087378640776699,0,"Jonathan Roberts","Model",NA,"England",39,7,6,0,0,0.074159921000633,0.0107344912912667,0.217412370725333,21.8,10.9,1.6166862778138
"321",4,1,"Clyde Drexler",3,0.0776699029126214,0,"Elena Grinenko","Athlete","Louisiana","United States",44,8,5,0,0,0.0698995827000647,0.0094503360933906,0.212834560453857,21.8,10.9,1.52381090286141
"322",4,1,"Paulina Porizkova",7,0.0922330097087379,0,"Alec Mazo","Model",NA,"Czechoslovakia",41,11,2,0,0,0.0596928511619251,0.00732177829184377,0.182527205394754,21.8,10.9,1.30130415532997
"323",4,1,"Apolo Anton Ohno",5,0.101941747572816,1,"Julianne Hough","Athlete","Washington","United States",24,1,NA,0,0,0.16901584938984,0.0331516111547806,0.433159030305285,21.8,10.9,3.68454551669852
"324",4,1,"Ian Ziering",2,0.101941747572816,0,"Cheryl Burke","Actor/Actress","New Jersey","United States",42,4,9,0,0,0.0949236226400729,0.0151616944981823,0.26834827914213,21.8,10.9,2.06933497355359
"325",4,1,"Laila Ali",4,0.111650485436893,0,"Maksim Chmerkoskiy","Athlete","Florida","United States",29,3,10,0,0,0.117837515104116,0.0223826403934651,0.306902638206162,21.8,10.9,2.56885782926972
"326",4,1,"Leeza Gibbons",11,0.0728155339805825,0,"Tony Dovolani","TV Personality","South Carolina","United States",50,9,4,0,0,0.0648367514587075,0.00912020959585004,0.190854462261371,21.8,10.9,1.41344118179982
"327",4,1,"Billy Ray Cyrus",9,0.0631067961165049,0,"Karina Smirnoff","Singer/Rapper","Kentucky","United States",45,5,8,0,0,0.085879055928708,0.0126780467137203,0.244986364819195,21.8,10.9,1.87216341924583
"328",4,1,"Joey Fatone",10,0.116504854368932,0,"Kym Johnson","Singer/Rapper","New York","United States",30,2,10,0,0,0.119994179174778,0.0208901260559,0.319849922542266,21.8,10.9,2.61587310601015
"329",4,10,"Apolo Anton Ohno",5,0.339768500768537,1,"Julianne Hough","Athlete","Washington","United States",24,1,NA,0,1,0.404805860376433,0.0989623836948006,0.783947241649639,20.19,10.095,8.17303032100019
"330",4,10,"Laila Ali",4,0.328185431046565,0,"Maksim Chmerkoskiy","Athlete","Florida","United States",29,3,10,1,1,0.295366424749027,0.0576418604040107,0.662666795682428,20.19,10.095,5.96344811568286
"331",4,10,"Joey Fatone",10,0.332046068184898,0,"Kym Johnson","Singer/Rapper","New York","United States",30,2,10,1,1,0.29982771487454,0.0523921403112233,0.673038620678777,20.19,10.095,6.05352156331696
"332",4,2,"Shandi Finnessey",6,0.0816326530612245,0,"Brian Fortuna","Beauty Pagent","Missouri","United States",28,10,3,0,0,0.0627073613770365,0.00854050453459361,0.189956155636111,20.42,10.21,1.28048431931908
"333",4,2,"Paulina Porizkova",7,0.0857142857142857,0,"Alec Mazo","Model",NA,"Czechoslovakia",41,11,2,1,0,0.0596928511619251,0.00732177829184377,0.182527205394754,20.42,10.21,1.21892802072651
"334",4,2,"John Ratzenberger",1,0.0857142857142857,0,"Edyta Sliwinska","Actor/Actress","Connecticut","United States",59,6,7,0,0,0.0810533100641173,0.011291528751814,0.235689140503822,20.42,10.21,1.65510859150928
"335",4,2,"Laila Ali",4,0.110204081632653,0,"Maksim Chmerkoskiy","Athlete","Florida","United States",29,3,10,0,0,0.117837515104116,0.0223826403934651,0.306902638206162,20.42,10.21,2.40624205842604
"336",4,2,"Joey Fatone",10,0.0979591836734694,0,"Kym Johnson","Singer/Rapper","New York","United States",30,2,10,0,0,0.119994179174778,0.0208901260559,0.319849922542266,20.42,10.21,2.45028113874896
"337",4,2,"Apolo Anton Ohno",5,0.106122448979592,1,"Julianne Hough","Athlete","Washington","United States",24,1,NA,0,0,0.16901584938984,0.0331516111547806,0.433159030305285,20.42,10.21,3.45130364454054
"338",4,2,"Billy Ray Cyrus",9,0.0857142857142857,0,"Karina Smirnoff","Singer/Rapper","Kentucky","United States",45,5,8,0,0,0.085879055928708,0.0126780467137203,0.244986364819195,20.42,10.21,1.75365032206422
"339",4,2,"Clyde Drexler",3,0.073469387755102,0,"Elena Grinenko","Athlete","Louisiana","United States",44,8,5,0,0,0.0698995827000647,0.0094503360933906,0.212834560453857,20.42,10.21,1.42734947873532
"340",4,2,"Leeza Gibbons",11,0.0857142857142857,0,"Tony Dovolani","TV Personality","South Carolina","United States",50,9,4,0,0,0.0648367514587075,0.00912020959585004,0.190854462261371,20.42,10.21,1.32396646478681
"341",4,2,"Ian Ziering",2,0.0897959183673469,0,"Cheryl Burke","Actor/Actress","New Jersey","United States",42,4,9,0,0,0.0949236226400729,0.0151616944981823,0.26834827914213,20.42,10.21,1.93834037431029
"342",4,2,"Heather Mills",8,0.0979591836734694,0,"Jonathan Roberts","Model",NA,"England",39,7,6,0,0,0.074159921000633,0.0107344912912667,0.217412370725333,20.42,10.21,1.51434558683293
"343",4,3,"Joey Fatone",10,0.110091743119266,0,"Kym Johnson","Singer/Rapper","New York","United States",30,2,10,0,0,0.127506154597291,0.0221369228226784,0.336733277922669,18.24,9.12,2.3257122598546
"344",4,3,"Clyde Drexler",3,0.073394495412844,0,"Elena Grinenko","Athlete","Louisiana","United States",44,8,5,0,0,0.0744063342836572,0.0100430194635936,0.229052593794737,18.24,9.12,1.35717153733391
"345",4,3,"Shandi Finnessey",6,0.0963302752293578,0,"Brian Fortuna","Beauty Pagent","Missouri","United States",28,10,3,1,0,0.0668134722055849,0.00901298260482564,0.202179229514056,18.24,9.12,1.21867773302987
"346",4,3,"John Ratzenberger",1,0.091743119266055,0,"Edyta Sliwinska","Actor/Actress","Connecticut","United States",59,6,7,0,0,0.0863200253503405,0.0121090060371442,0.254311481086807,18.24,9.12,1.57447726239021
"347",4,3,"Laila Ali",4,0.0963302752293578,0,"Maksim Chmerkoskiy","Athlete","Florida","United States",29,3,10,0,0,0.125150543090741,0.0237161912976168,0.328646567958317,18.24,9.12,2.28274590597512
"348",4,3,"Ian Ziering",2,0.110091743119266,0,"Cheryl Burke","Actor/Actress","New Jersey","United States",42,4,9,0,0,0.100969427348457,0.0161675950529941,0.284041448440487,18.24,9.12,1.84168235483585
"349",4,3,"Heather Mills",8,0.110091743119266,0,"Jonathan Roberts","Model",NA,"England",39,7,6,0,0,0.0790834294302584,0.0113890349103954,0.229248961986166,18.24,9.12,1.44248175280791
"350",4,3,"Apolo Anton Ohno",5,0.105504587155963,1,"Julianne Hough","Athlete","Washington","United States",24,1,NA,0,0,0.179158054901907,0.0354902320563782,0.453364452985028,18.24,9.12,3.26784292141078
"351",4,3,"Billy Ray Cyrus",9,0.0963302752293578,0,"Karina Smirnoff","Singer/Rapper","Kentucky","United States",45,5,8,0,0,0.0914419945139109,0.0133708168555243,0.260387189036012,18.24,9.12,1.66790197993373
"352",4,3,"Leeza Gibbons",11,0.110091743119266,0,"Tony Dovolani","TV Personality","South Carolina","United States",50,9,4,0,0,0.0691505642778526,0.00945468351481351,0.204974244579572,18.24,9.12,1.26130629242803
"353",4,4,"Laila Ali",4,0.110526315789474,0,"Maksim Chmerkoskiy","Athlete","Florida","United States",29,3,10,0,0,0.134271165028385,0.0257150172600877,0.3481355742731,18.84,9.42,2.52966874913478
"354",4,4,"Joey Fatone",10,0.147368421052632,0,"Kym Johnson","Singer/Rapper","New York","United States",30,2,10,0,0,0.136569519663736,0.0237970920256225,0.358307674302821,18.84,9.42,2.57296975046478
"355",4,4,"Clyde Drexler",3,0.0789473684210526,0,"Elena Grinenko","Athlete","Louisiana","United States",44,8,5,0,0,0.0798321913591501,0.01069407376469,0.245451523670444,18.84,9.42,1.50403848520639
"356",4,4,"John Ratzenberger",1,0.0842105263157895,0,"Edyta Sliwinska","Actor/Actress","Connecticut","United States",59,6,7,0,0,0.0925209001436719,0.0129993962246496,0.272450587894111,18.84,9.42,1.74309375870678
"357",4,4,"Billy Ray Cyrus",9,0.110526315789474,0,"Karina Smirnoff","Singer/Rapper","Kentucky","United States",45,5,8,0,0,0.0980876909170093,0.0144356813568917,0.276801535391482,18.84,9.42,1.84797209687646
"358",4,4,"Heather Mills",8,0.121052631578947,0,"Jonathan Roberts","Model",NA,"England",39,7,6,0,0,0.084983762926278,0.0121996540149053,0.246663733520197,18.84,9.42,1.60109409353108
"359",4,4,"Apolo Anton Ohno",5,0.136842105263158,1,"Julianne Hough","Athlete","Washington","United States",24,1,NA,0,0,0.191350778722357,0.0389078282232602,0.475115146945083,18.84,9.42,3.6050486711292
"360",4,4,"Ian Ziering",2,0.126315789473684,0,"Cheryl Burke","Actor/Actress","New Jersey","United States",42,4,9,0,0,0.10818040904028,0.0170429878058283,0.300372623080609,18.84,9.42,2.03811890631888
"361",4,4,"Leeza Gibbons",11,0.0842105263157895,0,"Tony Dovolani","TV Personality","South Carolina","United States",50,9,4,1,0,0.0742035821991328,0.010038610822018,0.218999962064768,18.84,9.42,1.39799548863166
"362",4,5,"Joey Fatone",10,0.142045454545455,0,"Kym Johnson","Singer/Rapper","New York","United States",30,2,10,0,0,0.147815038889044,0.0254612821362526,0.382703291781808,18.87,9.435,2.78926978383625
"363",4,5,"Laila Ali",4,0.159090909090909,0,"Maksim Chmerkoskiy","Athlete","Florida","United States",29,3,10,0,0,0.14503040536927,0.0274438420501067,0.371682176710646,18.87,9.435,2.73672374931813
"364",4,5,"Heather Mills",8,0.119318181818182,0,"Jonathan Roberts","Model",NA,"England",39,7,6,0,0,0.0919686908178677,0.0131858993749148,0.269543602252726,18.87,9.435,1.73544919573316
"365",4,5,"Ian Ziering",2,0.136363636363636,0,"Cheryl Burke","Actor/Actress","New Jersey","United States",42,4,9,0,0,0.116916798479773,0.0183317506206799,0.323428556239452,18.87,9.435,2.20621998731332
"366",4,5,"John Ratzenberger",1,0.102272727272727,0,"Edyta Sliwinska","Actor/Actress","Connecticut","United States",59,6,7,0,0,0.099984882112899,0.0139530254301008,0.295544967815292,18.87,9.435,1.8867147254704
"367",4,5,"Apolo Anton Ohno",5,0.170454545454545,1,"Julianne Hough","Athlete","Washington","United States",24,1,NA,0,0,0.205798891271814,0.0418129987609965,0.507701724738151,18.87,9.435,3.88342507829914
"368",4,5,"Billy Ray Cyrus",9,0.0965909090909091,0,"Karina Smirnoff","Singer/Rapper","Kentucky","United States",45,5,8,0,0,0.106308016188136,0.0154168520953515,0.299777802068082,18.87,9.435,2.00603226547012
"369",4,5,"Clyde Drexler",3,0.0738636363636364,0,"Elena Grinenko","Athlete","Louisiana","United States",44,8,5,1,0,0.0861772768711959,0.0112330807607627,0.260374068340863,18.87,9.435,1.62616521455947
"370",4,6,"Ian Ziering",2,0.141176470588235,0,"Cheryl Burke","Actor/Actress","New Jersey","United States",42,4,9,0,0,0.127918200524253,0.0203450297887924,0.350878202333117,18.87,9.435,2.41381644389265
"371",4,6,"Laila Ali",4,0.164705882352941,0,"Maksim Chmerkoskiy","Athlete","Florida","United States",29,3,10,0,0,0.158741236408772,0.0304376809440769,0.405733561058808,18.87,9.435,2.99544713103352
"372",4,6,"Heather Mills",8,0.135294117647059,0,"Jonathan Roberts","Model",NA,"England",39,7,6,1,0,0.1008600674872,0.0143053838586277,0.293513084767265,18.87,9.435,1.90322947348346
"373",4,6,"John Ratzenberger",1,0.111764705882353,0,"Edyta Sliwinska","Actor/Actress","Connecticut","United States",59,6,7,0,0,0.1095669344884,0.0152832545690911,0.317903125311051,18.87,9.435,2.06752805379611
"374",4,6,"Apolo Anton Ohno",5,0.164705882352941,1,"Julianne Hough","Athlete","Washington","United States",24,1,NA,0,0,0.223936802276363,0.0468326451169576,0.537234754931287,18.87,9.435,4.22568745895496
"375",4,6,"Joey Fatone",10,0.158823529411765,0,"Kym Johnson","Singer/Rapper","New York","United States",30,2,10,0,0,0.162075528941961,0.0282543497571261,0.413810308755672,18.87,9.435,3.0583652311348
"376",4,6,"Billy Ray Cyrus",9,0.123529411764706,0,"Karina Smirnoff","Singer/Rapper","Kentucky","United States",45,5,8,0,0,0.116901229873052,0.0176160815508092,0.324677864850722,18.87,9.435,2.20592620770448
"377",4,7,"Laila Ali",4,0.190938511326861,0,"Maksim Chmerkoskiy","Athlete","Florida","United States",29,3,10,0,0,0.17674609943955,0.0345466440359831,0.443461454979069,18.97,9.485,3.35287350636827
"378",4,7,"John Ratzenberger",1,0.145631067961165,0,"Edyta Sliwinska","Actor/Actress","Connecticut","United States",59,6,7,1,0,0.121989824177781,0.0169002011199424,0.355678375235359,18.97,9.485,2.3141469646525
"379",4,7,"Apolo Anton Ohno",5,0.174757281553398,1,"Julianne Hough","Athlete","Washington","United States",24,1,NA,0,0,0.248159720027029,0.0520134722862108,0.57621614770182,18.97,9.485,4.70758988891273
"380",4,7,"Ian Ziering",2,0.174757281553398,0,"Cheryl Burke","Actor/Actress","New Jersey","United States",42,4,9,0,0,0.14255292802932,0.0226374533144265,0.393427317915726,18.97,9.485,2.7042290447162
"381",4,7,"Joey Fatone",10,0.190938511326861,0,"Kym Johnson","Singer/Rapper","New York","United States",30,2,10,0,0,0.180066905168931,0.0317960908305091,0.453758492694863,18.97,9.485,3.41586919105463
"382",4,7,"Billy Ray Cyrus",9,0.122977346278317,0,"Karina Smirnoff","Singer/Rapper","Kentucky","United States",45,5,8,0,0,0.13048452315739,0.0191831475342638,0.360643978629253,18.97,9.485,2.47529140429569
"383",4,8,"Ian Ziering",2,0.187250996015936,0,"Cheryl Burke","Actor/Actress","New Jersey","United States",42,4,9,0,0,0.162940433306462,0.0256970683172861,0.43737747291725,19.44,9.72,3.16756202347762
"384",4,8,"Apolo Anton Ohno",5,0.231075697211155,1,"Julianne Hough","Athlete","Washington","United States",24,1,NA,0,0,0.280795798024228,0.060115149108101,0.631098080275055,19.44,9.72,5.458670313591
"385",4,8,"Laila Ali",4,0.211155378486056,0,"Maksim Chmerkoskiy","Athlete","Florida","United States",29,3,10,0,0,0.201311052448364,0.0390462109082162,0.490467774364284,19.44,9.72,3.9134868595962
"386",4,8,"Joey Fatone",10,0.219123505976096,0,"Kym Johnson","Singer/Rapper","New York","United States",30,2,10,0,0,0.205166052717812,0.0362059848033986,0.506665180645125,19.44,9.72,3.98842806483426
"387",4,8,"Billy Ray Cyrus",9,0.151394422310757,0,"Karina Smirnoff","Singer/Rapper","Kentucky","United States",45,5,8,1,0,0.149786663503134,0.0216107601816007,0.410350774217319,19.44,9.72,2.91185273850092
"388",4,9,"Laila Ali",4,0.253164556962025,0,"Maksim Chmerkoskiy","Athlete","Florida","United States",29,3,10,0,0,0.237295654833773,0.0451170676570888,0.560886523935733,19.58,9.79,4.64624892164528
"389",4,9,"Apolo Anton Ohno",5,0.248945147679325,1,"Julianne Hough","Athlete","Washington","United States",24,1,NA,0,0,0.328354951087007,0.0742864044286227,0.696043666102452,19.58,9.79,6.42918994228359
"390",4,9,"Ian Ziering",2,0.244725738396624,0,"Cheryl Burke","Actor/Actress","New Jersey","United States",42,4,9,1,0,0.192657815536652,0.0285686779324804,0.49507937608481,19.58,9.79,3.77224002820765
"391",4,9,"Joey Fatone",10,0.253164556962025,0,"Kym Johnson","Singer/Rapper","New York","United States",30,2,10,0,0,0.241691578542568,0.0410237075389438,0.574682285542964,19.58,9.79,4.73232110786347
"392",5,1,"Cameron Mathison",1,0.0817120622568093,0,"Edyta Sliwinska","Actor/Actress",NA,"Canada",38,5,8,0,0,0.0812882330223238,0.0123572234785399,0.233772221740569,21.25,10.625,1.72737495172438
"393",5,1,"Mark Cuban",12,0.0817120622568093,0,"Kym Johnson","TV Personality","Pennsylvania","United States",49,8,5,0,0,0.0642906802058306,0.00905664654357924,0.19295152621237,21.25,10.625,1.3661769543739
"394",5,1,"Sabrina Bryan",3,0.101167315175097,0,"Mark Ballas","Actor/Actress","California","United States",23,7,6,0,0,0.072073159055185,0.00935198009626877,0.214796873018738,21.25,10.625,1.53155462992268
"395",5,1,"Mel B",9,0.0933852140077821,0,"Maksim Chmerkoskiy","Singer/Rapper",NA,"England",32,2,10,0,0,0.113811095406039,0.0203216214876085,0.307575004280965,21.25,10.625,2.41848577737833
"396",5,1,"Wayne Newton",10,0.0739299610894942,0,"Cheryl Burke","Singer/Rapper","Virginia","United States",65,10,3,0,0,0.0597417684254999,0.00724953301854801,0.181505601019806,21.25,10.625,1.26951257904187
"397",5,1,"Albert Reed",7,0.0817120622568093,0,"Anna Trebunskaya","Model","Florida","United States",22,11,2,0,0,0.0587456601539412,0.00663246857530141,0.185065322992189,21.25,10.625,1.24834527827125
"398",5,1,"Josie Maran",6,0.0622568093385214,0,"Alec Mazo","Model","California","United States",29,12,1,1,0,0.0545668803819039,0.0061920345291888,0.176919230823141,21.25,10.625,1.15954620811546
"399",5,1,"Helio Castroneves",8,0.0972762645914397,1,"Julianne Hough","Racing Driver",NA,"Brazil",32,1,NA,0,0,0.156300937879206,0.0291218097272121,0.402981242526396,21.25,10.625,3.32139492993313
"400",5,1,"Jane Seymour",2,0.0933852140077821,0,"Tony Dovolani","Actor/Actress",NA,"England",56,6,7,0,0,0.0745589926097144,0.0105448210391424,0.219643133632877,21.25,10.625,1.58437859295643
"401",5,1,"Floyd Mayweather Jr.",5,0.0700389105058366,0,"Karina Smirnoff","Athlete","Michigan","United States",30,9,4,0,0,0.0627170423788157,0.00786289294409046,0.193385608144247,21.25,10.625,1.33273715054983
"402",5,1,"Marie Osmond",11,0.0817120622568093,0,"Jonathan Roberts","Singer/Rapper","Utah","United States",47,3,10,0,0,0.11220276022796,0.0204811296503938,0.304910447283097,21.25,10.625,2.38430865484415
"403",5,1,"Jennie Garth",4,0.0817120622568093,0,"Derek Hough","Actor/Actress","Illinois","United States",35,4,9,0,0,0.0897027902535802,0.0144249397842889,0.255448551458777,21.25,10.625,1.90618429288858
"404",5,10,"Mel B",9,0.357142226888903,0,"Maksim Chmerkoskiy","Singer/Rapper",NA,"England",32,2,10,1,1,0.301725429409049,0.0573250335629952,0.679359311191589,24.23,12.115,7.31080715458126
"405",5,10,"Helio Castroneves",8,0.352940954028016,1,"Julianne Hough","Racing Driver",NA,"Brazil",32,1,NA,0,1,0.401410015183153,0.0932591372387587,0.782056137218523,24.23,12.115,9.7261646678878
"406",5,10,"Marie Osmond",11,0.289916819083081,0,"Jonathan Roberts","Singer/Rapper","Utah","United States",47,3,10,1,1,0.296864555407797,0.054999511852094,0.672652852334051,24.23,12.115,7.19302817753093
"407",5,2,"Mark Cuban",12,0.0756302521008403,0,"Kym Johnson","TV Personality","Pennsylvania","United States",49,8,5,0,0,0.0681076981166737,0.00953083105602746,0.20094016232598,20.21,10.105,1.37645657893798
"408",5,2,"Sabrina Bryan",3,0.109243697478992,0,"Mark Ballas","Actor/Actress","California","United States",23,7,6,0,0,0.0762092084439059,0.0100633094237979,0.225765791443499,20.21,10.105,1.54018810265134
"409",5,2,"Albert Reed",7,0.0882352941176471,0,"Anna Trebunskaya","Model","Florida","United States",22,11,2,1,0,0.0621668319810177,0.00700867906867953,0.196937572111566,20.21,10.105,1.25639167433637
"410",5,2,"Floyd Mayweather Jr.",5,0.0882352941176471,0,"Karina Smirnoff","Athlete","Michigan","United States",30,9,4,0,0,0.0664483690186855,0.00833322534365379,0.202856753442651,20.21,10.105,1.34292153786763
"411",5,2,"Helio Castroneves",8,0.11344537815126,1,"Julianne Hough","Racing Driver",NA,"Brazil",32,1,NA,0,0,0.165249508409922,0.030339946897571,0.42393891806754,20.21,10.105,3.33969256496452
"412",5,2,"Cameron Mathison",1,0.0882352941176471,0,"Edyta Sliwinska","Actor/Actress",NA,"Canada",38,5,8,0,0,0.0860923441393834,0.0129249753220388,0.244867614183657,20.21,10.105,1.73992627505694
"413",5,2,"Wayne Newton",10,0.0630252100840336,0,"Cheryl Burke","Singer/Rapper","Virginia","United States",65,10,3,0,0,0.0631966399582094,0.00760465806568871,0.191882495956905,20.21,10.105,1.27720409355541
"414",5,2,"Jennie Garth",4,0.0882352941176471,0,"Derek Hough","Actor/Actress","Illinois","United States",35,4,9,0,0,0.0945814949101774,0.0154712261048167,0.268547621560182,20.21,10.105,1.91149201213468
"415",5,2,"Mel B",9,0.0966386554621849,0,"Maksim Chmerkoskiy","Singer/Rapper",NA,"England",32,2,10,0,0,0.120184522302522,0.0213264832858379,0.321900187037033,20.21,10.105,2.42892919573398
"416",5,2,"Marie Osmond",11,0.100840336134454,0,"Jonathan Roberts","Singer/Rapper","Utah","United States",47,3,10,0,0,0.118744943605379,0.0215657149058216,0.321035958348216,20.21,10.105,2.39983531026472
"417",5,2,"Jane Seymour",2,0.0882352941176471,0,"Tony Dovolani","Actor/Actress",NA,"England",56,6,7,0,0,0.0790184391141237,0.0110840053653456,0.22783203059553,20.21,10.105,1.59696265449644
"418",5,3,"Cameron Mathison",1,0.096234309623431,0,"Edyta Sliwinska","Actor/Actress",NA,"Canada",38,5,8,0,0,0.0918969063579284,0.013862535520624,0.259805398846482,19.62,9.81,1.80301730274255
"419",5,3,"Floyd Mayweather Jr.",5,0.0878661087866109,0,"Karina Smirnoff","Athlete","Michigan","United States",30,9,4,0,0,0.0709008055355759,0.00903897773252746,0.215960284227793,19.62,9.81,1.391073804608
"420",5,3,"Helio Castroneves",8,0.100418410041841,1,"Julianne Hough","Racing Driver",NA,"Brazil",32,1,NA,0,0,0.175853035871839,0.0323596728324801,0.445645445366631,19.62,9.81,3.45023656380548
"421",5,3,"Marie Osmond",11,0.108786610878661,0,"Jonathan Roberts","Singer/Rapper","Utah","United States",47,3,10,0,0,0.126404187959669,0.0227848417367514,0.336665268377938,19.62,9.81,2.48005016776871
"422",5,3,"Wayne Newton",10,0.0753138075313808,0,"Cheryl Burke","Singer/Rapper","Virginia","United States",65,10,3,1,0,0.067379711133912,0.0081128921870695,0.205947713907264,19.62,9.81,1.32198993244735
"423",5,3,"Jennie Garth",4,0.108786610878661,0,"Derek Hough","Actor/Actress","Illinois","United States",35,4,9,0,0,0.10090692193484,0.0163251885981673,0.283328590439906,19.62,9.81,1.97979380836156
"424",5,3,"Mark Cuban",12,0.0836820083682008,0,"Kym Johnson","TV Personality","Pennsylvania","United States",49,8,5,0,0,0.0729220910006711,0.00999469049688575,0.215690652714391,19.62,9.81,1.43073142543317
"425",5,3,"Jane Seymour",2,0.112970711297071,0,"Tony Dovolani","Actor/Actress",NA,"England",56,6,7,0,0,0.0841333181117777,0.0121446075360616,0.242622651376259,19.62,9.81,1.65069570135308
"426",5,3,"Sabrina Bryan",3,0.112970711297071,0,"Mark Ballas","Actor/Actress","California","United States",23,7,6,0,0,0.0815662229100881,0.0107186981363246,0.239658622273784,19.62,9.81,1.60032929349593
"427",5,3,"Mel B",9,0.112970711297071,0,"Maksim Chmerkoskiy","Singer/Rapper",NA,"England",32,2,10,0,0,0.128036799183698,0.0225428818148593,0.346524705605488,19.62,9.81,2.51208199998415
"428",5,4,"Helio Castroneves",8,0.115384615384615,1,"Julianne Hough","Racing Driver",NA,"Brazil",32,1,NA,0,0,0.188376308673915,0.0353340105017614,0.471522355315179,19.4,9.7,3.65450038827395
"429",5,4,"Floyd Mayweather Jr.",5,0.0982905982905983,0,"Karina Smirnoff","Athlete","Michigan","United States",30,9,4,1,0,0.0761126379223614,0.00965962638748965,0.229836058118136,19.4,9.7,1.47658517569381
"430",5,4,"Mark Cuban",12,0.094017094017094,0,"Kym Johnson","TV Personality","Pennsylvania","United States",49,8,5,0,0,0.0784759936270743,0.0107808115262059,0.232239814662851,19.4,9.7,1.52243427636524
"431",5,4,"Cameron Mathison",1,0.115384615384615,0,"Edyta Sliwinska","Actor/Actress",NA,"Canada",38,5,8,0,0,0.098529823198575,0.0148337388022067,0.276250209403422,19.4,9.7,1.91147857005235
"432",5,4,"Jennie Garth",4,0.115384615384615,0,"Derek Hough","Actor/Actress","Illinois","United States",35,4,9,0,0,0.108017357392033,0.0178941480385095,0.298678471281498,19.4,9.7,2.09553673340544
"433",5,4,"Mel B",9,0.111111111111111,0,"Maksim Chmerkoskiy","Singer/Rapper",NA,"England",32,2,10,0,0,0.137111824165192,0.0245294440418648,0.370190792129608,19.4,9.7,2.65996938880473
"434",5,4,"Marie Osmond",11,0.111111111111111,0,"Jonathan Roberts","Singer/Rapper","Utah","United States",47,3,10,0,0,0.135647774259896,0.0242653130692013,0.357150183171372,19.4,9.7,2.63156682064199
"435",5,4,"Jane Seymour",2,0.111111111111111,0,"Tony Dovolani","Actor/Actress",NA,"England",56,6,7,0,0,0.090312501827084,0.0130058402967496,0.256470026670776,19.4,9.7,1.75206253544543
"436",5,4,"Sabrina Bryan",3,0.128205128205128,0,"Mark Ballas","Actor/Actress","California","United States",23,7,6,0,0,0.087415778933869,0.0115053605728951,0.258185260106362,19.4,9.7,1.69586611131706
"437",5,5,"Cameron Mathison",1,0.130653266331658,0,"Edyta Sliwinska","Actor/Actress",NA,"Canada",38,5,8,0,0,0.10671967657746,0.015586526979595,0.298125505720992,21.37,10.685,2.28059948846033
"438",5,5,"Mel B",9,0.14572864321608,0,"Maksim Chmerkoskiy","Singer/Rapper",NA,"England",32,2,10,0,0,0.148211503405031,0.0263274900715546,0.397613406903677,21.37,10.685,3.16727982776552
"439",5,5,"Helio Castroneves",8,0.115577889447236,1,"Julianne Hough","Racing Driver",NA,"Brazil",32,1,NA,0,0,0.203055025738147,0.0390691998839451,0.49944726299753,21.37,10.685,4.3392859000242
"440",5,5,"Jane Seymour",2,0.130653266331658,0,"Tony Dovolani","Actor/Actress",NA,"England",56,6,7,0,0,0.0978900555427233,0.0141097184018487,0.281225144658706,21.37,10.685,2.091910486948
"441",5,5,"Jennie Garth",4,0.125628140703518,0,"Derek Hough","Actor/Actress","Illinois","United States",35,4,9,0,0,0.116977518198543,0.0193927007933968,0.321374567709157,21.37,10.685,2.49980956390286
"442",5,5,"Sabrina Bryan",3,0.14070351758794,0,"Mark Ballas","Actor/Actress","California","United States",23,7,6,0,0,0.0949748524018891,0.0122954035541222,0.281945933991153,21.37,10.685,2.02961259582837
"443",5,5,"Marie Osmond",11,0.105527638190955,0,"Jonathan Roberts","Singer/Rapper","Utah","United States",47,3,10,0,0,0.146655060583238,0.0262711665525018,0.381202369810755,21.37,10.685,3.1340186446638
"444",5,5,"Mark Cuban",12,0.105527638190955,0,"Kym Johnson","TV Personality","Pennsylvania","United States",49,8,5,1,0,0.0855163075529676,0.0114619549685386,0.252275357148057,21.37,10.685,1.82748349240692
"445",5,6,"Helio Castroneves",8,0.155555555555556,1,"Julianne Hough","Racing Driver",NA,"Brazil",32,1,NA,0,0,0.221237518296509,0.0432322009904492,0.530450284928743,21.43,10.715,4.74112001709419
"446",5,6,"Jennie Garth",4,0.15,0,"Derek Hough","Actor/Actress","Illinois","United States",35,4,9,0,0,0.127953490660227,0.0209346051409081,0.345500859677764,21.43,10.715,2.74204330484866
"447",5,6,"Mel B",9,0.166666666666667,0,"Maksim Chmerkoskiy","Singer/Rapper",NA,"England",32,2,10,0,0,0.161797118835805,0.0292208854976808,0.42059844186635,21.43,10.715,3.4673122566513
"448",5,6,"Cameron Mathison",1,0.138888888888889,0,"Edyta Sliwinska","Actor/Actress",NA,"Canada",38,5,8,0,0,0.117147117012819,0.0175336542909487,0.328622787778362,21.43,10.715,2.5104627175847
"449",5,6,"Jane Seymour",2,0.122222222222222,0,"Tony Dovolani","Actor/Actress",NA,"England",56,6,7,0,0,0.107246834217157,0.015706496968135,0.30259060607157,21.43,10.715,2.29829965727367
"450",5,6,"Sabrina Bryan",3,0.138888888888889,0,"Mark Ballas","Actor/Actress","California","United States",23,7,6,1,0,0.104114162146297,0.013327935704607,0.306730463907144,21.43,10.715,2.23116649479514
"451",5,6,"Marie Osmond",11,0.127777777777778,0,"Jonathan Roberts","Singer/Rapper","Utah","United States",47,3,10,0,0,0.160503758831188,0.0288684214786327,0.426480278852175,21.43,10.715,3.43959555175236
"452",5,7,"Jane Seymour",2,0.16025641025641,0,"Tony Dovolani","Actor/Actress",NA,"England",56,6,7,1,0,0.120111954561854,0.0172116325095101,0.339082058223561,20.47,10.235,2.45869170988114
"453",5,7,"Cameron Mathison",1,0.163461538461538,0,"Edyta Sliwinska","Actor/Actress",NA,"Canada",38,5,8,0,0,0.13128698481274,0.0194928241507022,0.365546929898159,20.47,10.235,2.68744457911679
"454",5,7,"Helio Castroneves",8,0.166666666666667,1,"Julianne Hough","Racing Driver",NA,"Brazil",32,1,NA,0,0,0.245745805258855,0.0490382950519868,0.572220976729529,20.47,10.235,5.03041663364875
"455",5,7,"Jennie Garth",4,0.169871794871795,0,"Derek Hough","Actor/Actress","Illinois","United States",35,4,9,0,0,0.142848745677014,0.0233141908811408,0.37737106663154,20.47,10.235,2.92411382400847
"456",5,7,"Mel B",9,0.173076923076923,0,"Maksim Chmerkoskiy","Singer/Rapper",NA,"England",32,2,10,0,0,0.180632873328826,0.0320721689405639,0.464004497981211,20.47,10.235,3.69755491704106
"457",5,7,"Marie Osmond",11,0.166666666666667,0,"Jonathan Roberts","Singer/Rapper","Utah","United States",47,3,10,0,0,0.179373636360712,0.0317289978416861,0.463556286167709,20.47,10.235,3.67177833630378
"458",5,8,"Marie Osmond",11,0.186311787072243,0,"Jonathan Roberts","Singer/Rapper","Utah","United States",47,3,10,0,0,0.203758454912303,0.0362274265335768,0.511027835065997,21.81,10.905,4.44397190163732
"459",5,8,"Jennie Garth",4,0.190114068441065,0,"Derek Hough","Actor/Actress","Illinois","United States",35,4,9,0,0,0.16313864698343,0.0265566949359999,0.429329405547833,21.81,10.905,3.55805389070861
"460",5,8,"Mel B",9,0.212927756653992,0,"Maksim Chmerkoskiy","Singer/Rapper",NA,"England",32,2,10,0,0,0.204695956474399,0.0375341886101921,0.508767332226733,21.81,10.905,4.46441881070665
"461",5,8,"Cameron Mathison",1,0.193916349809886,0,"Edyta Sliwinska","Actor/Actress",NA,"Canada",38,5,8,1,0,0.150387602168062,0.0216281123690562,0.41774988503053,21.81,10.905,3.27995360328543
"462",5,8,"Helio Castroneves",8,0.216730038022814,1,"Julianne Hough","Racing Driver",NA,"Brazil",32,1,NA,0,0,0.278019339461806,0.0576480223181808,0.622363948762325,21.81,10.905,6.06360179366199
"463",5,9,"Marie Osmond",11,0.239316239316239,0,"Jonathan Roberts","Singer/Rapper","Utah","United States",47,3,10,0,0,0.239524647641828,0.04370065490855,0.581592178331471,22.85,11.425,5.47313819861577
"464",5,9,"Mel B",9,0.256410256410256,0,"Maksim Chmerkoskiy","Singer/Rapper",NA,"England",32,2,10,0,0,0.242087138871378,0.0445390536921886,0.580546090932458,22.85,11.425,5.53169112321098
"465",5,9,"Helio Castroneves",8,0.256410256410256,1,"Julianne Hough","Racing Driver",NA,"Brazil",32,1,NA,0,0,0.325154292660566,0.0711867834711433,0.686807231302545,22.85,11.425,7.42977558729394
"466",5,9,"Jennie Garth",4,0.247863247863248,0,"Derek Hough","Actor/Actress","Illinois","United States",35,4,9,1,0,0.193233920826228,0.0320164923157596,0.493552697728449,22.85,11.425,4.41539509087931
