celebrity_name,ballroom_partner,celebrity_industry,celebrity_homestate,celebrity_homecountry/region,celebrity_age_during_season,season,results,placement,week1_judge1_score,week1_judge2_score,week1_judge3_score,week1_judge4_score,week2_judge1_score,week2_judge2_score,week2_judge3_score,week2_judge4_score,week3_judge1_score,week3_judge2_score,week3_judge3_score,week3_judge4_score,week4_judge1_score,week4_judge2_score,week4_judge3_score,week4_judge4_score,week5_judge1_score,week5_judge2_score,week5_judge3_score,week5_judge4_score,week6_judge1_score,week6_judge2_score,week6_judge3_score,week6_judge4_score,week7_judge1_score,week7_judge2_score,week7_judge3_score,week7_judge4_score,week8_judge1_score,week8_judge2_score,week8_judge3_score,week8_judge4_score,week9_judge1_score,week9_judge2_score,week9_judge3_score,week9_judge4_score,week10_judge1_score,week10_judge2_score,week10_judge3_score,week10_judge4_score,week11_judge1_score,week11_judge2_score,week11_judge3_score,week11_judge4_score,week1_avg_judge_score,week2_avg_judge_score,week3_avg_judge_score,week4_avg_judge_score,week5_avg_judge_score,week6_avg_judge_score,week7_avg_judge_score,week8_avg_judge_score,week9_avg_judge_score,week10_avg_judge_score,week11_avg_judge_score,week1_all_judge_score,week2_all_judge_score,week3_all_judge_score,week4_all_judge_score,week5_all_judge_score,week6_all_judge_score,week7_all_judge_score,week8_all_judge_score,week9_all_judge_score,week10_all_judge_score,week11_all_judge_score,week1_rank_judge_score,week2_rank_judge_score,week3_rank_judge_score,week4_rank_judge_score,week5_rank_judge_score,week6_rank_judge_score,week7_rank_judge_score,week8_rank_judge_score,week9_rank_judge_score,week10_rank_judge_score,week11_rank_judge_score,week1_percent_judge_score,week2_percent_judge_score,week3_percent_judge_score,week4_percent_judge_score,week5_percent_judge_score,week6_percent_judge_score,week7_percent_judge_score,week8_percent_judge_score,week9_percent_judge_score,week10_percent_judge_score,week11_percent_judge_score
Kate Flannery,Pasha Pashkov,Actor/Actress,Pennsylvania,United States,55,28,Eliminated Week 8,7,5,5,5,NA,7,7,7,NA,8,8,8,NA,7,7,6,6,8,8,8,NA,9,9,9,NA,8,8,8,NA,8.6666,8.6666,8.6666,NA,0,0,0,0,0,0,0,NA,0,0,0,NA,5,7,8,6.5,8,9,8,8.6666,NA,NA,NA,15,21,24,26,24,27,24,25.9998,NA,NA,NA,9,2,1,8,5,1,7,5,NA,NA,NA,0.07614213197969544,0.0958904109589041,0.12121212121212122,0.09219858156028368,0.11162790697674418,0.11842105263157894,0.1188118811881188,0.13471454803957736,NA,NA,NA
James Van Der Beek,Emma Slater,Actor/Actress,Connecticut,United States,42,28,Eliminated Week 10,5,7,7,7,NA,7,6,7,NA,8,7,8,NA,7,7,7,7,9,8,9,NA,9,9,9,NA,9,9,9,NA,10.6666,10.6666,10.6666,NA,9,8.5,9.5,9,8.5,8.5,8.5,NA,0,0,0,NA,7,6.666666666666667,7.666666666666667,7,8.666666666666666,9,9,10.6666,9,8.5,NA,21,20,23,28,26,27,27,31.9998,36,25.5,NA,1,3,3,6,2,1,1,1,3,5,NA,0.1065989847715736,0.091324200913242,0.11616161616161616,0.09929078014184398,0.12093023255813953,0.11842105263157894,0.13366336633663367,0.1658027598041857,0.17266187050359713,0.18545454545454546,NA
Kel Mitchell,Witney Carson,Actor/Actress,Illinois,United States,41,28,2nd Place,2,6,5,5,NA,7,6,7,NA,7,6,7,NA,8,8,8,8,9,8,9,NA,9,8,9,NA,8.5,8.5,8.5,NA,9.6666,9.6666,10.6666,NA,9,9,9.5,9.5,9.5,9.5,9.5,NA,10,9.5,10,NA,5.333333333333333,6.666666666666667,6.666666666666667,8,8.666666666666666,8.666666666666666,8.5,9.999933333333333,9.25,9.5,9.833333333333334,16,20,20,32,26,26,25.5,29.9998,37,28.5,29.5,7,3,6,1,2,4,5,4,2,2,2,0.08121827411167512,0.091324200913242,0.10101010101010101,0.11347517730496454,0.12093023255813953,0.11403508771929824,0.12623762376237624,0.15544002254931627,0.1774580335731415,0.20727272727272728,0.25213675213675213
Ray Lewis,Cheryl Burke,Athlete,Florida,United States,44,28,Withdrew,11,5,5,5,NA,5,5,5,NA,0,0,0,NA,0,0,0,0,0,0,0,NA,0,0,0,NA,0,0,0,NA,0,0,0,NA,0,0,0,0,0,0,0,NA,0,0,0,NA,5,5,NA,NA,NA,NA,NA,NA,NA,NA,NA,15,15,NA,NA,NA,NA,NA,NA,NA,NA,NA,9,10,NA,NA,NA,NA,NA,NA,NA,NA,NA,0.07614213197969544,0.0684931506849315,NA,NA,NA,NA,NA,NA,NA,NA,NA
Lamar Odom,Peta Murgatroyd,Athlete,New York,United States,39,28,Eliminated Week 4,10,5,3,3,NA,4,4,4,NA,4,4,4,NA,5,7,4,4,0,0,0,NA,0,0,0,NA,0,0,0,NA,0,0,0,NA,0,0,0,0,0,0,0,NA,0,0,0,NA,3.6666666666666665,4,4,5,NA,NA,NA,NA,NA,NA,NA,11,12,12,20,NA,NA,NA,NA,NA,NA,NA,12,12,10,10,NA,NA,NA,NA,NA,NA,NA,0.05583756345177665,0.0547945205479452,0.06060606060606061,0.07092198581560284,NA,NA,NA,NA,NA,NA,NA
Sailor Brinkley-Cook,Valentin Chmerkovskiy,Model,New York,United States,21,28,Eliminated Week 6,9,6,6,6,NA,6,6,6,NA,7,8,8,NA,7,8,8,8,8,8,8,NA,9,9,9,NA,0,0,0,NA,0,0,0,NA,0,0,0,0,0,0,0,NA,0,0,0,NA,6,6,7.666666666666667,7.75,8,9,NA,NA,NA,NA,NA,18,18,23,31,24,27,NA,NA,NA,NA,NA,4,8,3,5,5,1,NA,NA,NA,NA,NA,0.09137055837563451,0.0821917808219178,0.11616161616161616,0.1099290780141844,0.11162790697674418,0.11842105263157894,NA,NA,NA,NA,NA
Sean Spicer,Lindsay Arnold,Politician,New York,United States,48,28,Eliminated Week 9,6,4,4,4,NA,6,5,5,NA,5,5,5,NA,5,6,5,5,7,6,6,NA,7,7,7,NA,7,7,7,NA,7,7,6,NA,6.5,6,6.5,6,0,0,0,NA,0,0,0,NA,4,5.333333333333333,5,5.25,6.333333333333333,7,7,6.666666666666667,6.25,NA,NA,12,16,15,21,19,21,21,20,25,NA,NA,11,9,9,9,9,9,8,7,6,NA,NA,0.06091370558375635,0.0730593607305936,0.07575757575757576,0.07446808510638298,0.08837209302325581,0.09210526315789473,0.10396039603960396,0.1036273725486945,0.11990407673860912,NA,NA
Mary Wilson,Brandon Armstrong,Singer/Rapper,Nevada,United States,75,28,Eliminated Week 2,12,6,5,6,NA,5,5,5,NA,0,0,0,NA,0,0,0,0,0,0,0,NA,0,0,0,NA,0,0,0,NA,0,0,0,NA,0,0,0,0,0,0,0,NA,0,0,0,NA,5.666666666666667,5,NA,NA,NA,NA,NA,NA,NA,NA,NA,17,15,NA,NA,NA,NA,NA,NA,NA,NA,NA,5,10,NA,NA,NA,NA,NA,NA,NA,NA,NA,0.08629441624365482,0.0684931506849315,NA,NA,NA,NA,NA,NA,NA,NA,NA
Lauren Alaina,Gleb Savchenko,Singer/Rapper,Georgia,United States,24,28,4th Place,4,7,6,6,NA,6,6,7,NA,6,7,7,NA,8,8,8,8,8,7,8,NA,9,8,9,NA,9,9,9,NA,8,8,8,NA,9,9,8.5,8.5,9,9,9,NA,9.5,9.5,9.5,NA,6.333333333333333,6.333333333333333,6.666666666666667,8,7.666666666666667,8.666666666666666,9,8,8.75,9,9.5,19,19,20,32,23,26,27,24,35,27,28.5,3,6,6,1,7,4,1,6,5,3,4,0.09644670050761421,0.0867579908675799,0.10101010101010101,0.11347517730496454,0.10697674418604651,0.11403508771929824,0.13366336633663367,0.1243528470584334,0.16786570743405277,0.19636363636363635,0.24358974358974358
Ally Brooke,Sasha Farber,Singer/Rapper,Texas,United States,26,28,3rd Place,3,5,5,6,NA,7,6,7,NA,8,8,8,NA,8,8,8,8,9,9,9,NA,8,9,8,NA,9,9,9,NA,10,10,10,NA,10,10,10,10,10,9.5,10,NA,10,10,10,NA,5.333333333333333,6.666666666666667,8,8,9,8.333333333333334,9,10,10,9.833333333333334,10,16,20,24,32,27,25,27,30,40,29.5,30,7,3,1,1,1,6,1,3,1,1,1,0.08121827411167512,0.091324200913242,0.12121212121212122,0.11347517730496454,0.12558139534883722,0.10964912280701754,0.13366336633663367,0.15544105882304174,0.19184652278177458,0.21454545454545454,0.2564102564102564
Karamo Brown,Jenna Johnson,TV Personality,Texas,United States,38,28,Eliminated Week 7,8,6,5,6,NA,7,5,7,NA,5,5,6,NA,7,7,7,7,7,7,7,NA,9,8,8,NA,8.5,8,8,NA,0,0,0,NA,0,0,0,0,0,0,0,NA,0,0,0,NA,5.666666666666667,6.333333333333333,5.333333333333333,7,7,8.333333333333334,8.166666666666666,NA,NA,NA,NA,17,19,16,28,21,25,24.5,NA,NA,NA,NA,5,6,8,6,8,6,6,NA,NA,NA,NA,0.08629441624365482,0.0867579908675799,0.08080808080808081,0.09929078014184398,0.09767441860465116,0.10964912280701754,0.12128712871287128,NA,NA,NA,NA
Hannah Brown,Alan Bersten,TV Personality,Alabama,United States,24,28,1st Place,1,7,7,6,NA,8,8,8,NA,7,7,7,NA,8,8,8,8,9,7,9,NA,8,8,8,NA,8.5,9,8.5,NA,10.6666,9.6666,10.6666,NA,9,8.5,9,9,9,9,9,NA,10,9.5,9.5,NA,6.666666666666667,8,7,8,8.333333333333334,8,8.666666666666666,10.333266666666667,8.875,9,9.666666666666666,20,24,21,32,25,24,26,30.9998,35.5,27,29,2,1,5,1,4,8,4,2,4,3,3,0.10152284263959391,0.1095890410958904,0.10606060606060606,0.11347517730496454,0.11627906976744186,0.10526315789473684,0.12871287128712872,0.160621391176751,0.17026378896882494,0.19636363636363635,0.24786324786324787
Anne Heche,Keo Motsepe,Actor/Actress,Ohio,United States,51,29,Eliminated Week 4,13,6,6,6,NA,6,6,6,NA,5,5,5,NA,7,7,7,NA,0,0,0,NA,0,0,0,NA,0,0,0,NA,0,0,0,NA,0,0,0,NA,0,0,0,NA,0,0,0,NA,6,6,5,7,NA,NA,NA,NA,NA,NA,NA,18,18,15,21,NA,NA,NA,NA,NA,NA,NA,6,6,13,10,NA,NA,NA,NA,NA,NA,NA,0.06923076923076923,0.06593406593406594,0.05338078291814947,0.06976744186046512,NA,NA,NA,NA,NA,NA,NA
Jesse Metcalfe,Sharna Burgess,Actor/Actress,California,United States,41,29,Eliminated Week 5,12,6,6,6,NA,7,7,6,NA,7,6,7,NA,7,7,7,NA,7,6,6,NA,0,0,0,NA,0,0,0,NA,0,0,0,NA,0,0,0,NA,0,0,0,NA,0,0,0,NA,6,6.666666666666667,6.666666666666667,7,6.333333333333333,NA,NA,NA,NA,NA,NA,18,20,20,21,19,NA,NA,NA,NA,NA,NA,6,4,9,10,11,NA,NA,NA,NA,NA,NA,0.06923076923076923,0.07326007326007326,0.0711743772241993,0.06976744186046512,0.06620209059233449,NA,NA,NA,NA,NA,NA
Chrishell Stause,Gleb Savchenko,Actor/Actress,Kentucky,United States,39,29,Eliminated Week 8,8,4,5,4,NA,6,6,6,NA,7,7,8,NA,7,8,7,NA,6,6,7,NA,8,8,8,NA,9,9,8,NA,9,9,9,NA,0,0,0,NA,0,0,0,NA,0,0,0,NA,4.333333333333333,6,7.333333333333333,7.333333333333333,6.333333333333333,8,8.666666666666666,9,NA,NA,NA,13,18,22,22,19,24,26,27,NA,NA,NA,13,6,4,8,11,7,5,5,NA,NA,NA,0.05,0.06593406593406594,0.07829181494661921,0.07308970099667775,0.06620209059233449,0.08955223880597014,0.1,0.12162184076007344,NA,NA,NA
Skai Jackson,Alan Bersten,Actor/Actress,New York,United States,18,29,Eliminated Week 10,5,7,7,7,NA,5,5,5,NA,6,6,6,NA,10,9,9,NA,8,8,8,NA,6,6,6,NA,9,9,9,NA,8.6666,9.6666,8.6666,NA,9.6666,9.6666,9.6666,NA,9.5,9.5,9.5,NA,0,0,0,NA,7,5,6,9.333333333333334,8,6,9,8.999933333333333,9.6666,9.5,NA,21,15,18,28,24,18,27,26.9998,28.9998,28.5,NA,1,14,11,1,5,11,2,7,3,4,NA,0.08076923076923077,0.054945054945054944,0.06405693950177936,0.09302325581395349,0.08362369337979095,0.06716417910447761,0.10384615384615385,0.1216209398575493,0.15025865392188154,0.16379310344827586,NA
Justina Machado,Sasha Farber,Actor/Actress,Illinois,United States,48,29,4th Place,4,7,7,7,NA,7,7,7,NA,7,6,6,NA,8,8,8,NA,8,8,8,NA,9,9,9,NA,9,9,8,NA,9.6666,9.6666,9.6666,NA,8.6666,8.6666,8.6666,NA,9.5,10,9.5,NA,10,10,10,NA,7,7,6.333333333333333,8,8,9,8.666666666666666,9.6666,8.6666,9.666666666666666,10,21,21,19,24,24,27,26,28.9998,25.9998,29,30,1,2,10,3,5,1,5,3,5,3,1,0.08076923076923077,0.07692307692307693,0.06761565836298933,0.07973421926910298,0.08362369337979095,0.10074626865671642,0.1,0.13062996509903624,0.13471454803957736,0.16666666666666666,0.25316455696202533
Charles Oakley,Emma Slater,Athlete,Ohio,United States,56,29,Eliminated Week 2,15,4,4,4,NA,5,5,5,NA,0,0,0,NA,0,0,0,NA,0,0,0,NA,0,0,0,NA,0,0,0,NA,0,0,0,NA,0,0,0,NA,0,0,0,NA,0,0,0,NA,4,5,NA,NA,NA,NA,NA,NA,NA,NA,NA,12,15,NA,NA,NA,NA,NA,NA,NA,NA,NA,14,14,NA,NA,NA,NA,NA,NA,NA,NA,NA,0.046153846153846156,0.054945054945054944,NA,NA,NA,NA,NA,NA,NA,NA,NA
Veron Davis,Peta Murgatroyd,Athlete,Washington D.C.,United States,36,29,Eliminated Week 6,11,5,6,6,NA,6,6,6,NA,8,7,7,NA,8,7,7,NA,7,7,7,NA,7,7,7,NA,0,0,0,NA,0,0,0,NA,0,0,0,NA,0,0,0,NA,0,0,0,NA,5.666666666666667,6,7.333333333333333,7.333333333333333,7,7,NA,NA,NA,NA,NA,17,18,22,22,21,21,NA,NA,NA,NA,NA,11,6,4,8,10,10,NA,NA,NA,NA,NA,0.06538461538461539,0.06593406593406594,0.07829181494661921,0.07308970099667775,0.07317073170731707,0.07835820895522388,NA,NA,NA,NA,NA
Johnny Weir,Britt Stewart,Athlete,Pennsylvania,United States,36,29,Eliminated Week 10,6,6,6,6,NA,6,6,6,NA,8,8,8,NA,8,8,8,NA,10,10,9,NA,7,8,7,NA,9,9,9,NA,10,10,10,NA,10,10,10,NA,9.5,9.5,9.5,NA,0,0,0,NA,6,6,8,8,9.666666666666666,7.333333333333333,9,10,10,9.5,NA,18,18,24,24,29,22,27,30,30,28.5,NA,6,6,1,3,1,9,2,1,1,4,NA,0.06923076923076923,0.06593406593406594,0.08540925266903915,0.07973421926910298,0.10104529616724739,0.08208955223880597,0.10384615384615385,0.13513537862230382,0.15544105882304174,0.16379310344827586,NA
Nev Schulman,Jenna Johnson,Producer,New York,United States,35,29,2nd Place,2,7,7,6,NA,7,7,7,NA,8,8,8,NA,8,8,8,NA,8,9,9,NA,9,9,8,NA,10,10,10,NA,10,10,10,NA,9.6666,9.6666,9.6666,NA,10,10,10,NA,10,10,10,NA,6.666666666666667,7,8,8,8.666666666666666,8.666666666666666,10,10,9.6666,10,10,20,21,24,24,26,26,30,30,28.9998,30,30,3,2,1,3,3,5,1,1,3,1,1,0.07692307692307693,0.07692307692307693,0.08540925266903915,0.07973421926910298,0.09059233449477352,0.09701492537313433,0.11538461538461539,0.13513537862230382,0.15025865392188154,0.1724137931034483,0.25316455696202533
AJ McLean,Cheryl Burke,Singer/Rapper,Florida,United States,42,29,Eliminated Week 9,7,6,6,6,NA,7,6,6,NA,7,7,7,NA,8,8,8,NA,8,8,8,NA,9,9,9,NA,9,8,9,NA,9,9,9,NA,7.6666,8.6666,8.6666,NA,0,0,0,NA,0,0,0,NA,6,6.333333333333333,7,8,8,9,8.666666666666666,9,8.333266666666667,NA,NA,18,19,21,24,24,27,26,27,24.9998,NA,NA,6,5,7,3,5,1,5,5,6,NA,NA,0.06923076923076923,0.0695970695970696,0.07473309608540925,0.07973421926910298,0.08362369337979095,0.10074626865671642,0.1,0.12162184076007344,0.12953317941214265,NA,NA
Nelly,Daniella Karagach,Singer/Rapper,Texas,United States,45,29,3rd Place,3,5,5,6,NA,6,6,6,NA,6,6,6,NA,7,7,7,NA,8,8,8,NA,8,8,8,NA,9,9,9,NA,8,8,8,NA,8,8,8,NA,9.5,9,9.5,NA,9.5,9.5,9.5,NA,5.333333333333333,6,6,7,8,8,9,8,8,9.333333333333334,9.5,16,18,18,21,24,24,27,24,24,28,28.5,12,6,11,10,5,7,2,8,7,6,4,0.06153846153846154,0.06593406593406594,0.06405693950177936,0.06976744186046512,0.08362369337979095,0.08955223880597014,0.10384615384615385,0.10810830289784307,0.1243528470584334,0.16091954022988506,0.24050632911392406
Kaitlyn Bristowe,Artem Chigvintsev,TV Personality,NA,Canada,35,29,1st Place,1,6,7,7,NA,7,8,7,NA,8,7,8,NA,9,8,8,NA,9,9,9,NA,9,9,9,NA,7,9,8,NA,9,10,9,NA,10,10,10,NA,10,10,10,NA,10,10,10,NA,6.666666666666667,7.333333333333333,7.666666666666667,8.333333333333334,9,9,8,9.333333333333334,10,10,10,20,22,23,25,27,27,24,28,30,30,30,3,1,3,2,2,1,9,4,1,1,1,0.07692307692307693,0.08058608058608059,0.08185053380782918,0.08305647840531562,0.09407665505226481,0.10074626865671642,0.09230769230769231,0.1261263533808169,0.15544105882304174,0.1724137931034483,0.25316455696202533
Carole Baskin,Pasha Pashkov,TV Personality,Texas,United States,59,29,Eliminated Week 3,14,4,4,3,NA,6,5,5,NA,5,4,3,NA,0,0,0,NA,0,0,0,NA,0,0,0,NA,0,0,0,NA,0,0,0,NA,0,0,0,NA,0,0,0,NA,0,0,0,NA,3.6666666666666665,5.333333333333333,4,NA,NA,NA,NA,NA,NA,NA,NA,11,16,12,NA,NA,NA,NA,NA,NA,NA,NA,15,12,14,NA,NA,NA,NA,NA,NA,NA,NA,0.04230769230769231,0.05860805860805861,0.042704626334519574,NA,NA,NA,NA,NA,NA,NA,NA
Monica Aldama,Valentin Chmerkovskiy,TV Personality,Alabama,United States,48,29,Eliminated Week 7,10,6,7,6,NA,5,6,5,NA,7,7,7,NA,8,8,8,NA,9,9,8,NA,9,9,9,NA,7,8,7,NA,0,0,0,NA,0,0,0,NA,0,0,0,NA,0,0,0,NA,6.333333333333333,5.333333333333333,7,8,8.666666666666666,9,7.333333333333333,NA,NA,NA,NA,19,16,21,24,26,27,22,NA,NA,NA,NA,5,12,7,3,3,1,10,NA,NA,NA,NA,0.07307692307692308,0.05860805860805861,0.07473309608540925,0.07973421926910298,0.09059233449477352,0.10074626865671642,0.08461538461538462,NA,NA,NA,NA
Jeannie Mai,Brandon Armstrong,TV Personality,California,United States,41,29,Withdrew,9,6,6,6,NA,6,6,6,NA,7,7,8,NA,7,7,7,NA,8,8,8,NA,8,8,9,NA,8,9,8,NA,0,0,0,NA,0,0,0,NA,0,0,0,NA,0,0,0,NA,6,6,7.333333333333333,7,8,8.333333333333334,8.333333333333334,NA,NA,NA,NA,18,18,22,21,24,25,25,NA,NA,NA,NA,6,6,4,10,5,6,8,NA,NA,NA,NA,0.06923076923076923,0.06593406593406594,0.07829181494661921,0.06976744186046512,0.08362369337979095,0.09328358208955224,0.09615384615384616,NA,NA,NA,NA
Martin Kove,Britt Stewart,Actor/Actress,New York,United States,75,30,Eliminated Week 2,15,4,3,3,3,4,3,4,4,0,0,0,NA,0,0,0,0,0,0,0,0,0,0,0,0,0,0,0,0,0,0,0,0,0,0,0,0,0,0,0,0,NA,NA,NA,NA,3.25,3.75,NA,NA,NA,NA,NA,NA,NA,NA,NA,13,15,NA,NA,NA,NA,NA,NA,NA,NA,NA,15,15,NA,NA,NA,NA,NA,NA,NA,NA,NA,0.03551912568306011,0.03896103896103896,NA,NA,NA,NA,NA,NA,NA,NA,NA
Brian Austin Green,Sharna Burgess,Actor/Actress,California,United States,48,30,Eliminated Week 4,13,6,6,6,6,6,5,6,6,7,6,6,NA,6.5,6,7,6.5,0,0,0,0,0,0,0,0,0,0,0,0,0,0,0,0,0,0,0,0,0,0,0,0,NA,NA,NA,NA,6,5.75,6.333333333333333,6.5,NA,NA,NA,NA,NA,NA,NA,24,23,19,26,NA,NA,NA,NA,NA,NA,NA,9,13,12,13,NA,NA,NA,NA,NA,NA,NA,0.06557377049180328,0.05974025974025974,0.06375838926174497,0.06235011990407674,NA,NA,NA,NA,NA,NA,NA
Melora Hardin,Artem Chigvintsev,Actor/Actress,Texas,United States,54,30,Eliminated Week 9,6,7,6,7,6,7,6,7,7,8,7,8,NA,9,9.5,9,9,9,9,9,9,8,9,8,9,9.5,9.5,9.5,9.5,10.5,10.5,10.5,10.5,8.5,9.5,9,9,0,0,0,0,NA,NA,NA,NA,6.5,6.75,7.666666666666667,9.125,9,8.5,9.5,10.5,9,NA,NA,26,27,23,36.5,36,34,38,42,36,NA,NA,5,5,4,1,3,8,3,1,5,NA,NA,0.07103825136612021,0.07012987012987013,0.07718120805369127,0.08752997601918465,0.09350649350649351,0.09340659340659341,0.1162079510703364,0.13636363636363635,0.1592920353982301,NA,NA
Matt James,Lindsay Arnold,Athlete,North Carolina,United States,29,30,Eliminated Week 4,12,6,6,6,6,5,5,6,6,7,6,7,NA,7,6.5,7.5,7.5,0,0,0,0,0,0,0,0,0,0,0,0,0,0,0,0,0,0,0,0,0,0,0,0,NA,NA,NA,NA,6,5.5,6.666666666666667,7.125,NA,NA,NA,NA,NA,NA,NA,24,22,20,28.5,NA,NA,NA,NA,NA,NA,NA,9,14,10,12,NA,NA,NA,NA,NA,NA,NA,0.06557377049180328,0.05714285714285714,0.06711409395973154,0.0683453237410072,NA,NA,NA,NA,NA,NA,NA
"Mike ""The Miz"" Mizanin",Witney Carson,Athlete,Ohio,United States,40,30,Eliminated Week 7,9,6,6,6,6,7,5,7,7,7,7,8,NA,8.5,7.5,8.5,8,8,8,8,8,9,8,9,8,8,8,8,8,0,0,0,0,0,0,0,0,0,0,0,0,NA,NA,NA,NA,6,6.5,7.333333333333333,8.125,8,8.5,8,NA,NA,NA,NA,24,26,22,32.5,32,34,32,NA,NA,NA,NA,9,8,5,7,9,8,9,NA,NA,NA,NA,0.06557377049180328,0.06753246753246753,0.0738255033557047,0.07793764988009592,0.08311688311688312,0.09340659340659341,0.09785932721712538,NA,NA,NA,NA
Suni Lee,Sasha Farber,Athlete,Minnesota,United States,18,30,Eliminated Week 9,5,7,7,7,7,7,7,7,7,7,7,7,NA,8.5,8,9,8.5,9,9,9,9,9,9,9,9,8.25,8.25,8.25,9.25,10.5,10.5,10.5,10.5,10,9,9.5,9,0,0,0,0,NA,NA,NA,NA,7,7,7,8.5,9,9,8.5,10.5,9.375,NA,NA,28,28,21,34,36,36,34,42,37.5,NA,NA,2,4,7,4,3,5,6,1,3,NA,NA,0.07650273224043716,0.07272727272727272,0.07046979865771812,0.0815347721822542,0.09350649350649351,0.0989010989010989,0.10397553516819572,0.13636363636363635,0.16592920353982302,NA,NA
Iman Shumpert,Daniella Karagach,Athlete,Illinois,United States,31,30,1st Place,1,7,4,5,5,7,6,6,6,7,6,6,NA,8.5,6.5,8.5,8,7,7,7,7,10,10,10,10,9.5,7.5,8.5,8.5,9,8,9,9,9.5,9,10,9,10,10,10,10,NA,NA,NA,NA,5.25,6.25,6.333333333333333,7.875,7,10,8.5,8.75,9.375,10,NA,21,25,19,31.5,28,40,34,35,37.5,40,NA,14,9,12,9,11,1,6,7,3,1,NA,0.05737704918032787,0.06493506493506493,0.06375838926174497,0.07553956834532374,0.07272727272727272,0.10989010989010989,0.10397553516819572,0.11363636363636363,0.16592920353982302,0.25477707006369427,NA
Cody Rigsby,Cheryl Burke,Fitness Instructor,California,United States,34,30,3rd Place,3,6,6,6,6,6,6,6,6,6,6,6,NA,7.5,6.5,7.5,7.5,8,8,8,8,9,9,9,9,8.5,8.5,9.5,9.5,10,10,9,9,9,9,8.5,9,9.5,9.5,9.5,9.5,NA,NA,NA,NA,6,6,6,7.25,8,9,9,9.5,8.875,9.5,NA,24,24,18,29,32,36,36,38,35.5,38,NA,9,10,14,11,9,5,5,5,6,4,NA,0.06557377049180328,0.06233766233766234,0.06040268456375839,0.06954436450839328,0.08311688311688312,0.0989010989010989,0.11009174311926606,0.12337662337662338,0.1570796460176991,0.24203821656050956,NA
Melanie C,Gleb Savchenko,Singer/Rapper,NA,England,47,30,Eliminated Week 5,11,7,7,6,7,7,7,8,8,7,7,8,NA,8,8,8.5,8.5,9,9,9,9,0,0,0,0,0,0,0,0,0,0,0,0,0,0,0,0,0,0,0,0,NA,NA,NA,NA,6.75,7.5,7.333333333333333,8.25,9,NA,NA,NA,NA,NA,NA,27,30,22,33,36,NA,NA,NA,NA,NA,NA,4,3,5,6,3,NA,NA,NA,NA,NA,NA,0.07377049180327869,0.07792207792207792,0.0738255033557047,0.07913669064748201,0.09350649350649351,NA,NA,NA,NA,NA,NA
Jimmie Allen,Emma Slater,Singer/Rapper,Delaware,United States,36,30,Eliminated Week 8,7,6,5,6,5,7,6,7,7,6,6,8,NA,8.5,7.5,8.5,8,8,8,9,9,10,9,10,9,9,9,10,10,8,8,8,8,0,0,0,0,0,0,0,0,NA,NA,NA,NA,5.5,6.75,6.666666666666667,8.125,8.5,9.5,9.5,8,NA,NA,NA,22,27,20,32.5,34,38,38,32,NA,NA,NA,13,5,10,7,8,3,3,8,NA,NA,NA,0.060109289617486336,0.07012987012987013,0.06711409395973154,0.07793764988009592,0.08831168831168831,0.1043956043956044,0.1162079510703364,0.1038961038961039,NA,NA,NA
Olivia Jade,Valentin Chmerkovskiy,Social Media Personality,California,United States,21,30,Eliminated Week 8,8,7,6,6,6,7,6,7,7,8,8,8,NA,8,9,9,9,9,9,9,9,9,9,9,9,11,9,11,11,9,9,9,9,0,0,0,0,0,0,0,0,NA,NA,NA,NA,6.25,6.75,8,8.75,9,9,10.5,9,NA,NA,NA,25,27,24,35,36,36,42,36,NA,NA,NA,7,5,1,2,3,5,1,6,NA,NA,NA,0.06830601092896176,0.07012987012987013,0.08053691275167785,0.08393285371702638,0.09350649350649351,0.0989010989010989,0.12844036697247707,0.11688311688311688,NA,NA,NA
JoJo Siwa,Jenna Johnson,Social Media Personality,Nebraska,United States,18,30,2nd Place,2,8,7,7,7,8,8,7,8,8,8,8,NA,8.5,8.5,9,9,10,10,10,10,10,10,10,10,10,9,10,10,10.5,9.5,10.5,10.5,10,10,10,10,10,10,10,10,NA,NA,NA,NA,7.25,7.75,8,8.75,10,10,9.75,10.25,10,10,NA,29,31,24,35,40,40,39,41,40,40,NA,1,2,1,2,1,1,2,4,1,1,NA,0.07923497267759563,0.08051948051948052,0.08053691275167785,0.08393285371702638,0.1038961038961039,0.10989010989010989,0.11926605504587157,0.1331168831168831,0.17699115044247787,0.25477707006369427,NA
Christine Chiu,Pasha Pashkov,TV Personality,NA,Taiwan China,38,30,Eliminated Week 3,14,6,7,6,6,6,6,6,6,7,7,7,NA,0,0,0,0,0,0,0,0,0,0,0,0,0,0,0,0,0,0,0,0,0,0,0,0,0,0,0,0,NA,NA,NA,NA,6.25,6,7,NA,NA,NA,NA,NA,NA,NA,NA,25,24,21,NA,NA,NA,NA,NA,NA,NA,NA,7,10,7,NA,NA,NA,NA,NA,NA,NA,NA,0.06830601092896176,0.06233766233766234,0.07046979865771812,NA,NA,NA,NA,NA,NA,NA,NA
Kenya Moore,Brandon Armstrong,TV Personality,Michigan,United States,50,30,Eliminated Week 6,10,7,6,6,7,6,6,6,6,7,7,7,NA,7,7,8,7.5,9,9,9,9,8,8,8,8,0,0,0,0,0,0,0,0,0,0,0,0,0,0,0,0,NA,NA,NA,NA,6.5,6,7,7.375,9,8,NA,NA,NA,NA,NA,26,24,21,29.5,36,32,NA,NA,NA,NA,NA,5,10,7,10,3,10,NA,NA,NA,NA,NA,0.07103825136612021,0.06233766233766234,0.07046979865771812,0.07074340527577938,0.09350649350649351,0.08791208791208792,NA,NA,NA,NA,NA
Amanda Kloots,Alan Bersten,TV Personality,Ohio,United States,39,30,4th Place,4,7,7,7,7,8,8,8,8,8,8,8,NA,8.5,8.5,8.5,8.5,10,10,9,10,9,9,10,10,8.25,8.25,8.25,9.25,10.5,10.5,10.5,10.5,9.5,10,10,10,9.5,10,9.5,10,NA,NA,NA,NA,7,8,8,8.5,9.75,9.5,8.5,10.5,9.875,9.75,NA,28,32,24,34,39,38,34,42,39.5,39,NA,2,1,1,4,2,3,6,1,2,3,NA,0.07650273224043716,0.08311688311688312,0.08053691275167785,0.0815347721822542,0.1012987012987013,0.1043956043956044,0.10397553516819572,0.13636363636363635,0.1747787610619469,0.2484076433121019,NA
Jason Lewis,Peta Murgatroyd,Actor/Actress,California,United States,51,31,Eliminated Week 1,16,5,4,4,5,0,0,0,0,0,0,0,0,0,0,0,0,0,0,0,0,0,0,0,0,0,0,0,0,0,0,0,0,0,0,0,0,0,0,0,0,NA,NA,NA,NA,4.5,NA,NA,NA,NA,NA,NA,NA,NA,NA,NA,18,NA,NA,NA,NA,NA,NA,NA,NA,NA,NA,15,NA,NA,NA,NA,NA,NA,NA,NA,NA,NA,0.04712041884816754,NA,NA,NA,NA,NA,NA,NA,NA,NA,NA
Cheryl Ladd,Louis van Amstel,Actor/Actress,South Dakota,United States,71,31,Eliminated Week 3,14,6,5,5,5,5,6,5,5,6,6,6,6,0,0,0,0,0,0,0,0,0,0,0,0,0,0,0,0,0,0,0,0,0,0,0,0,0,0,0,0,NA,NA,NA,NA,5.25,5.25,6,NA,NA,NA,NA,NA,NA,NA,NA,21,21,24,NA,NA,NA,NA,NA,NA,NA,NA,10,15,13,NA,NA,NA,NA,NA,NA,NA,NA,0.0549738219895288,0.050970873786407765,0.05955334987593052,NA,NA,NA,NA,NA,NA,NA,NA
Selma Blair,Sasha Farber,Actor/Actress,Michigan,United States,50,31,Withdrew,12,7,7,7,7,7,7,7,7,7,7,7,7,8,8,8,8,10,10,10,10,0,0,0,0,0,0,0,0,0,0,0,0,0,0,0,0,0,0,0,0,NA,NA,NA,NA,7,7,7,8,10,NA,NA,NA,NA,NA,NA,28,28,28,32,40,NA,NA,NA,NA,NA,NA,3,6,9,6,4,NA,NA,NA,NA,NA,NA,0.07329842931937172,0.06796116504854369,0.06947890818858561,0.07804878048780488,0.08918617614269789,NA,NA,NA,NA,NA,NA
Joseph Baena,Daniella Karagach,Actor/Actress,California,United States,24,31,Eliminated Week 5,11,6,5,6,6,6,6,6,6,8,7,7,7,7,7,7,7,9,8.5,9,8.5,0,0,0,0,0,0,0,0,0,0,0,0,0,0,0,0,0,0,0,0,NA,NA,NA,NA,5.75,6,7.25,7,8.75,NA,NA,NA,NA,NA,NA,23,24,29,28,35,NA,NA,NA,NA,NA,NA,9,13,7,11,10,NA,NA,NA,NA,NA,NA,0.060209424083769635,0.05825242718446602,0.07196029776674938,0.06829268292682927,0.07803790412486064,NA,NA,NA,NA,NA,NA
Trevor Donovan,Emma Slater,Actor/Actress,California,United States,39,31,Eliminated Week 9,6,5,5,5,6,7,7,8,8,7,6,7,7,7,7,7,7,9,9,9,9,9,8,8,9,10,9,10,10,9.25,10.25,9.25,10.25,8.5,8,8,8,0,0,0,0,NA,NA,NA,NA,5.25,7.5,6.75,7,9,8.5,9.75,9.75,8.125,NA,NA,21,30,27,28,36,34,39,39,32.5,NA,NA,10,4,10,11,7,5,1,5,6,NA,NA,0.0549738219895288,0.07281553398058252,0.06699751861042183,0.06829268292682927,0.0802675585284281,0.09855072463768116,0.11981566820276497,0.12420382165605096,0.14772727272727273,NA,NA
Daniel Durant,Britt Stewart,Actor/Actress,Michigan,United States,32,31,Eliminated Week 9,5,7,6,7,7,7,7,7,8,8,7,8,8,7,7,7,8,8.125,8.125,8.625,8.625,9,8,8,9,9,8.5,9.5,9.5,10,9,10,10,9,8,9,8.5,0,0,0,0,NA,NA,NA,NA,6.75,7.25,7.75,7.25,8.375,8.5,9.125,9.75,8.625,NA,NA,27,29,31,29,33.5,34,36.5,39,34.5,NA,NA,6,5,5,9,11,5,4,5,5,NA,NA,0.07068062827225131,0.0703883495145631,0.07692307692307693,0.07073170731707316,0.07469342251950947,0.09855072463768116,0.11213517665130568,0.12420382165605096,0.15681818181818183,NA,NA
Wayne Brady,Witney Carson,Comedian,Georgia,United States,50,31,3rd Place,3,7,7,7,8,8,8,8,8,8,8,8,9,9,9,9,9,10.125,10.125,10.125,10.625,8,9,8,9,9.5,9,9.5,10,11.25,11.25,11.25,11.25,9.5,9,9,9,9.5,9.5,9.5,9.5,NA,NA,NA,NA,7.25,8,8.25,9,10.25,8.5,9.5,11.25,9.125,9.5,NA,29,32,33,36,41,34,38,45,36.5,38,NA,2,1,1,1,2,5,3,1,3,3,NA,0.07591623036649214,0.07766990291262135,0.08188585607940446,0.08780487804878048,0.09141583054626533,0.09855072463768116,0.11674347158218126,0.14331210191082802,0.16590909090909092,0.24358974358974358,NA
Sam Champion,Cheryl Burke,News Anchor,Kentucky,United States,61,31,Eliminated Week 4,13,5,5,5,5,6,6,7,7,6,6,6,7,7,6,6,6,0,0,0,0,0,0,0,0,0,0,0,0,0,0,0,0,0,0,0,0,0,0,0,0,NA,NA,NA,NA,5,6.5,6.25,6.25,NA,NA,NA,NA,NA,NA,NA,20,26,25,25,NA,NA,NA,NA,NA,NA,NA,12,11,12,13,NA,NA,NA,NA,NA,NA,NA,0.05235602094240838,0.06310679611650485,0.062034739454094295,0.06097560975609756,NA,NA,NA,NA,NA,NA,NA
Jessie James Decker,Alan Bersten,Singer/Rapper,NA,Italy,34,31,Eliminated Week 6,10,5,5,5,5,7,6,6,6,6,6,7,7,8,7,8,8,8.875,8.875,9.375,8.875,8,8,8,8,0,0,0,0,0,0,0,0,0,0,0,0,0,0,0,0,NA,NA,NA,NA,5,6.25,6.5,7.75,9,8,NA,NA,NA,NA,NA,20,25,26,31,36,32,NA,NA,NA,NA,NA,12,12,11,8,7,9,NA,NA,NA,NA,NA,0.05235602094240838,0.06067961165048544,0.06451612903225806,0.07560975609756097,0.0802675585284281,0.0927536231884058,NA,NA,NA,NA,NA
Jordin Sparks,Brandon Armstrong,Singer/Rapper,Arizona,United States,32,31,Eliminated Week 7,9,7,6,6,7,7,6,7,7,7,7,7,8,9,8,8,9,8.875,8.375,8.875,9.375,9,8,8,9,8.5,9,8.5,8.5,0,0,0,0,0,0,0,0,0,0,0,0,NA,NA,NA,NA,6.5,6.75,7.25,8.5,8.875,8.5,8.625,NA,NA,NA,NA,26,27,29,34,35.5,34,34.5,NA,NA,NA,NA,7,9,7,4,9,5,8,NA,NA,NA,NA,0.06806282722513089,0.06553398058252427,0.07196029776674938,0.08292682926829269,0.07915273132664437,0.09855072463768116,0.10599078341013825,NA,NA,NA,NA
Heidi D'Amelio,Artem Chigvintsev,Social Media Personality,Louisiana,United States,50,31,Eliminated Week 8,8,6,6,6,6,7,7,7,7,8,8,8,8,9,8,8,9,9.625,10.125,9.625,9.625,9,9,9,9,8.5,9,9,8.5,9,8,9,9,0,0,0,0,0,0,0,0,NA,NA,NA,NA,6,7,8,8.5,9.75,9,8.75,8.75,NA,NA,NA,24,28,32,34,39,36,35,35,NA,NA,NA,8,6,4,4,5,3,7,7,NA,NA,NA,0.06282722513089005,0.06796116504854369,0.0794044665012407,0.08292682926829269,0.08695652173913043,0.10434782608695652,0.10752688172043011,0.11146496815286625,NA,NA,NA
Charli D'Amelio,Mark Ballas,Social Media Personality,Connecticut,United States,18,31,1st Place,1,8,8,8,8,8,8,8,8,8,8,8,9,9,9,9,9,10.375,10.375,10.375,10.875,10,10,10,10,9.5,9.5,10,10,11.25,11.25,11.25,11.25,10,10,10,10,10,10,10,10,NA,NA,NA,NA,8,8,8.25,9,10.5,10,9.75,11.25,10,10,NA,32,32,33,36,42,40,39,45,40,40,NA,1,1,1,1,1,1,1,1,1,1,NA,0.08376963350785341,0.07766990291262135,0.08188585607940446,0.08780487804878048,0.09364548494983277,0.11594202898550725,0.11981566820276497,0.14331210191082802,0.18181818181818182,0.2564102564102564,NA
Teresa Giudice,Pasha Pashkov,TV Personality,New Jersey,United States,50,31,Eliminated Week 2,15,5,5,5,5,6,5,6,6,0,0,0,0,0,0,0,0,0,0,0,0,0,0,0,0,0,0,0,0,0,0,0,0,0,0,0,0,0,0,0,0,NA,NA,NA,NA,5,5.75,NA,NA,NA,NA,NA,NA,NA,NA,NA,20,23,NA,NA,NA,NA,NA,NA,NA,NA,NA,12,14,NA,NA,NA,NA,NA,NA,NA,NA,NA,0.05235602094240838,0.055825242718446605,NA,NA,NA,NA,NA,NA,NA,NA,NA
Vinny Guadagnino,Koko Iwasaki,TV Personality,New York,United States,34,31,Eliminated Week 8,7,4,4,5,4,7,6,7,7,6,5,6,6,8,7,7,7,7.75,7.75,7.75,7.75,7,7,7,7,7.5,8,8,8,8,7,7,7,0,0,0,0,0,0,0,0,NA,NA,NA,NA,4.25,6.75,5.75,7.25,7.75,7,7.875,7.25,NA,NA,NA,17,27,23,29,31,28,31.5,29,NA,NA,NA,16,9,14,9,12,10,9,8,NA,NA,NA,0.04450261780104712,0.06553398058252427,0.05707196029776675,0.07073170731707316,0.06911928651059086,0.08115942028985507,0.0967741935483871,0.09235668789808917,NA,NA,NA
Shangela,Gleb Savchenko,TV Personality,Texas,United States,40,31,4th Place,4,7,7,7,7,7,7,7,7,8,7,7,8,8,8,8,8,9.75,9.25,9.75,9.75,9,9,9,9,9,9.5,9,9,11.25,10.25,10.25,10.25,9.5,9,9,9,9.5,9.5,9.5,9.5,NA,NA,NA,NA,7,7,7.5,8,9.625,9,9.125,10.5,9.125,9.5,NA,28,28,30,32,38.5,36,36.5,42,36.5,38,NA,3,6,6,6,6,3,4,3,3,3,NA,0.07329842931937172,0.06796116504854369,0.07444168734491315,0.07804878048780488,0.0858416945373467,0.10434782608695652,0.11213517665130568,0.1337579617834395,0.16590909090909092,0.24358974358974358,NA
Gabby Windey,Valentin Chmerkovskiy,TV Personality,Illinois,United States,31,31,2nd Place,2,7,7,7,7,8,8,8,8,8,8,8,9,9,9,9,9,10.25,10.25,10.25,10.25,9,9,9,10,9,9,8.5,9,10,10,10,10,10,10,10,10,10,10,10,10,NA,NA,NA,NA,7,8,8.25,9,10.25,9.25,8.875,10,10,10,NA,28,32,33,36,41,37,35.5,40,40,40,NA,3,1,1,1,2,2,6,4,1,1,NA,0.07329842931937172,0.07766990291262135,0.08188585607940446,0.08780487804878048,0.09141583054626533,0.1072463768115942,0.10906298003072197,0.12738853503184713,0.18181818181818182,0.2564102564102564,NA
Jamie Lynn Spears,Alan Bersten,Actor/Actress,Mississippi,United States,32,32,Eliminated Week 2,13,5,5,5,NA,6,5,5,NA,0,0,0,0,0,0,0,NA,0,0,0,NA,0,0,0,0,0,0,0,0,0,0,0,0,0,0,0,0,0,0,0,NA,0,0,0,NA,5,5.333333333333333,NA,NA,NA,NA,NA,NA,NA,NA,NA,15,16,NA,NA,NA,NA,NA,NA,NA,NA,NA,9,9,NA,NA,NA,NA,NA,NA,NA,NA,NA,0.06493506493506493,0.06722689075630252,NA,NA,NA,NA,NA,NA,NA,NA,NA
Mira Sorvino,Gleb Savchenko,Actor/Actress,New York,United States,55,32,Eliminated Week 5,10,6,5,6,NA,6,6,6,NA,6,6,7,7,7,7,7,NA,7,8,7,NA,0,0,0,0,0,0,0,0,0,0,0,0,0,0,0,0,0,0,0,NA,0,0,0,NA,5.666666666666667,6,6.5,7,7.333333333333333,NA,NA,NA,NA,NA,NA,17,18,26,21,22,NA,NA,NA,NA,NA,NA,7,7,6,6,8,NA,NA,NA,NA,NA,NA,0.0735930735930736,0.07563025210084033,0.0804953560371517,0.0875,0.09166666666666666,NA,NA,NA,NA,NA,NA
Barry Williams,Peta Murgatroyd,Actor/Actress,California,United States,68,32,Eliminated Week 8,7,6,5,5,NA,5,5,5,NA,6,6,7,6,6,6,6,NA,8,8,8,NA,8.25,7.25,8.25,8.25,8,8,8.5,8,8.75,8.75,8.75,8.75,0,0,0,0,0,0,0,NA,0,0,0,NA,5.333333333333333,5,6.25,6,8,8,8.125,8.75,NA,NA,NA,16,15,25,18,24,32,32.5,35,NA,NA,NA,8,10,7,10,4,7,7,5,NA,NA,NA,0.06926406926406926,0.06302521008403361,0.07739938080495357,0.075,0.1,0.09937888198757763,0.11524822695035461,0.1383399209486166,NA,NA,NA
Alyson Hannigan,Sasha Farber,Actor/Actress,Washington D.C.,United States,49,32,5th Place,5,5,4,4,NA,7,6,6,NA,6,6,6,6,6,6,6,NA,7,7,7,NA,7.5,7.5,7.5,8.5,8.5,8.5,9.5,8.5,8.75,8.75,9.75,8.75,7.75,7.75,8.75,7.75,8.5,8.5,8.5,NA,9,8.5,9,NA,4.333333333333333,6.333333333333333,6,6,7,7.75,8.75,9,8,8.5,8.833333333333334,13,19,24,18,21,31,35,36,32,25.5,26.5,11,6,8,10,9,8,6,4,5,5,5,0.05627705627705628,0.07983193277310924,0.07430340557275542,0.075,0.0875,0.09627329192546584,0.12411347517730496,0.1422924901185771,0.14479638009049775,0.17894736842105263,0.18213058419243985
Xochitl Gomez,Valentin Chmerkovskiy,Actor/Actress,California,United States,17,32,1st Place,1,6,6,6,NA,8,8,8,NA,8,8,8,8,9,9,9,NA,9,10,9,NA,10.25,10.25,11.25,10.25,9.5,9,9.5,9,10,10,10,10,9.75,9.75,10.75,10.75,10,10,10,NA,10,10,10,NA,6,8,8,9,9.333333333333334,10.5,9.25,10,10.25,10,10,18,24,32,27,28,42,37,40,41,30,30,5,1,3,1,1,1,1,2,2,1,1,0.07792207792207792,0.10084033613445378,0.09907120743034056,0.1125,0.11666666666666667,0.13043478260869565,0.13120567375886524,0.15810276679841898,0.18552036199095023,0.21052631578947367,0.20618556701030927
Adrian Peterson,Britt Stewart,Athlete,Texas,United States,38,32,Eliminated Week 4,11,6,6,6,NA,5,5,5,NA,5,5,6,6,7,7,7,NA,0,0,0,NA,0,0,0,0,0,0,0,0,0,0,0,0,0,0,0,0,0,0,0,NA,0,0,0,NA,6,5,5.5,7,NA,NA,NA,NA,NA,NA,NA,18,15,22,21,NA,NA,NA,NA,NA,NA,NA,5,10,11,6,NA,NA,NA,NA,NA,NA,NA,0.07792207792207792,0.06302521008403361,0.06811145510835913,0.0875,NA,NA,NA,NA,NA,NA,NA
Matt Walsh,Koko Iwasaki,Comedian,Illinois,United States,58,32,Eliminated Week 1,14,4,4,4,NA,0,0,0,NA,0,0,0,0,0,0,0,NA,0,0,0,NA,0,0,0,0,0,0,0,0,0,0,0,0,0,0,0,0,0,0,0,NA,0,0,0,NA,4,NA,NA,NA,NA,NA,NA,NA,NA,NA,NA,12,NA,NA,NA,NA,NA,NA,NA,NA,NA,NA,12,NA,NA,NA,NA,NA,NA,NA,NA,NA,NA,0.05194805194805195,NA,NA,NA,NA,NA,NA,NA,NA,NA,NA
Tyson Beckford,Jenna Johnson,Model,New York,United States,52,32,Eliminated Week 3,12,4,4,4,NA,6,6,6,NA,5,5,5,5,0,0,0,NA,0,0,0,NA,0,0,0,0,0,0,0,0,0,0,0,0,0,0,0,0,0,0,0,NA,0,0,0,NA,4,6,5,NA,NA,NA,NA,NA,NA,NA,NA,12,18,20,NA,NA,NA,NA,NA,NA,NA,NA,12,7,12,NA,NA,NA,NA,NA,NA,NA,NA,0.05194805194805195,0.07563025210084033,0.06191950464396285,NA,NA,NA,NA,NA,NA,NA,NA
Jason Mraz,Daniella Karagach,Singer/Rapper,Virginia,United States,46,32,2nd Place,2,7,7,7,NA,8,8,8,NA,9,8,9,8,8,8,8,NA,9,9,9,NA,9.75,9.75,9.75,9.75,8.5,8.5,10,9,8,9,8,8,10.75,10.75,10.75,10.75,9.5,9.5,9.5,NA,10,10,10,NA,7,8,8.5,8,9,9.75,9,8.25,10.75,9.5,10,21,24,34,24,27,39,36,33,43,28.5,30,2,1,1,3,3,3,4,6,1,4,1,0.09090909090909091,0.10084033613445378,0.10526315789473684,0.1,0.1125,0.12111801242236025,0.1276595744680851,0.13043478260869565,0.19457013574660634,0.2,0.20618556701030927
Lele Pons,Brandon Armstrong,Social Media Personality,NA,Venezuela,27,32,Eliminated Week 7,8,6,7,6,NA,7,7,7,NA,7,6,7,7,7,7,8,NA,8,8,8,NA,9,9,9,10,9.5,9,9,9,0,0,0,0,0,0,0,0,0,0,0,NA,0,0,0,NA,6.333333333333333,7,6.75,7.333333333333333,8,9.25,9.125,NA,NA,NA,NA,19,21,27,22,24,37,36.5,NA,NA,NA,NA,4,3,5,5,4,5,3,NA,NA,NA,NA,0.08225108225108226,0.08823529411764706,0.08359133126934984,0.09166666666666666,0.1,0.11490683229813664,0.12943262411347517,NA,NA,NA,NA
Harry Jowsey,Rylee Arnold,TV Personality,NA,Australia,26,32,Eliminated Week 9,6,4,4,4,NA,5,5,5,NA,6,5,7,6,7,7,7,NA,6,6,6,NA,7.25,7.25,7.25,7.25,8,8,8,8,7,7,7,7,8,7,8,7,0,0,0,NA,0,0,0,NA,4,5,6,7,6,7.25,8,7,7.5,NA,NA,12,15,24,21,18,29,32,28,30,NA,NA,12,10,8,6,10,9,8,7,6,NA,NA,0.05194805194805195,0.06302521008403361,0.07430340557275542,0.0875,0.075,0.09006211180124224,0.11347517730496454,0.11067193675889328,0.13574660633484162,NA,NA
Mauricio Umansky,Emma Slater,TV Personality,NA,Mexico,53,32,Eliminated Week 6,9,5,5,5,NA,4,4,4,NA,7,5,6,5,7,6,6,NA,8,8,8,NA,8.5,8.5,7.5,8.5,0,0,0,0,0,0,0,0,0,0,0,0,0,0,0,NA,0,0,0,NA,5,4,5.75,6.333333333333333,8,8.25,NA,NA,NA,NA,NA,15,12,23,19,24,33,NA,NA,NA,NA,NA,9,13,10,9,4,6,NA,NA,NA,NA,NA,0.06493506493506493,0.05042016806722689,0.07120743034055728,0.07916666666666666,0.1,0.10248447204968944,NA,NA,NA,NA,NA
Charity Lawson,Artem Chigvintsev,TV Personality,Georgia,United States,27,32,4th Place,4,7,7,8,NA,7,7,7,NA,8,8,8,8,8,8,8,NA,10,9,9,NA,9.75,9.75,8.75,9.75,9,9,9,9,9.75,9.75,9.75,9.75,9,10,9,10,10,9.5,10,NA,9.5,10,10,NA,7.333333333333333,7,8,8,9.333333333333334,9.5,9,9.75,9.5,9.833333333333334,9.833333333333334,22,21,32,24,28,38,36,39,38,29.5,29.5,1,3,3,3,1,4,4,3,3,2,3,0.09523809523809523,0.08823529411764706,0.09907120743034056,0.1,0.11666666666666667,0.11801242236024845,0.1276595744680851,0.1541501976284585,0.17194570135746606,0.20701754385964913,0.2027491408934708
Ariana Madix,Pasha Pashkov,TV Personality,Florida,United States,38,32,3rd Place,3,7,7,7,NA,6,7,7,NA,9,8,9,8,8,9,8,NA,8,8,8,NA,10,10,10,11,9,9,10,9,9.75,10.75,10.75,10.75,9,9,9,10,9.5,9.5,10,NA,9.5,10,10,NA,7,6.666666666666667,8.5,8.333333333333334,8,10.25,9.25,10.5,9.25,9.666666666666666,9.833333333333334,21,20,34,25,24,41,37,42,37,29,29.5,2,5,1,2,4,2,1,1,4,3,3,0.09090909090909091,0.08403361344537816,0.10526315789473684,0.10416666666666667,0.1,0.12732919254658384,0.13120567375886524,0.16600790513833993,0.167420814479638,0.20350877192982456,0.2027491408934708
Tori Spelling,Pasha Pashkov,Actor/Actress,California,United States,51,33,Eliminated Week 2,12,6,6,5,NA,7,6,6,NA,0,0,0,0,0,0,0,0,0,0,0,NA,0,0,0,NA,0,0,0,NA,0,0,0,NA,0,0,0,NA,NA,NA,NA,NA,NA,NA,NA,NA,5.666666666666667,6.333333333333333,NA,NA,NA,NA,NA,NA,NA,NA,NA,17,19,NA,NA,NA,NA,NA,NA,NA,NA,NA,11,9,NA,NA,NA,NA,NA,NA,NA,NA,NA,0.06882591093117409,0.07364341085271318,NA,NA,NA,NA,NA,NA,NA,NA,NA
Eric Roberts,Britt Stewart,Actor/Actress,California,United States,68,33,Eliminated Week 3,10,5,5,5,NA,6,4,5,NA,6.5,5.5,5.5,5.5,0,0,0,0,0,0,0,NA,0,0,0,NA,0,0,0,NA,0,0,0,NA,0,0,0,NA,NA,NA,NA,NA,NA,NA,NA,NA,5,5,5.75,NA,NA,NA,NA,NA,NA,NA,NA,15,15,23,NA,NA,NA,NA,NA,NA,NA,NA,13,12,10,NA,NA,NA,NA,NA,NA,NA,NA,0.06072874493927125,0.05813953488372093,0.07232704402515723,NA,NA,NA,NA,NA,NA,NA,NA
Reginald VelJohnson,Emma Slater,Actor/Actress,New York,United States,74,33,Eliminated Week 3,10,6,5,5,NA,6,4,5,NA,6,5,5,5,0,0,0,0,0,0,0,NA,0,0,0,NA,0,0,0,NA,0,0,0,NA,0,0,0,NA,NA,NA,NA,NA,NA,NA,NA,NA,5.333333333333333,5,5.25,NA,NA,NA,NA,NA,NA,NA,NA,16,15,21,NA,NA,NA,NA,NA,NA,NA,NA,12,12,11,NA,NA,NA,NA,NA,NA,NA,NA,0.06477732793522267,0.05813953488372093,0.0660377358490566,NA,NA,NA,NA,NA,NA,NA,NA
Chandler Kinney,Brandon Armstrong,Actor/Actress,California,United States,24,33,3rd Place,3,8,7,8,NA,8,8,8,NA,8.5,8.5,9,8.5,8,8,8,8,9,9,9,NA,10,11,11,NA,10,10,10,NA,9.5,9.5,10,NA,10,10,10,NA,NA,NA,NA,NA,NA,NA,NA,NA,7.666666666666667,8,8.625,8,9,10.666666666666666,10,9.666666666666666,10,NA,NA,23,24,34.5,32,27,32,30,29,30,NA,NA,1,1,2,4,1,1,1,1,1,NA,NA,0.0931174089068826,0.09302325581395349,0.10849056603773585,0.10884353741496598,0.13366336633663367,0.1553398058252427,0.1875,0.20714285714285716,0.20618556701030927,NA,NA
Dwight HowardÂ ,Daniella Karagach,Athlete,Georgia,United States,38,33,Eliminated Week 7,6,8,7,7,NA,8,7,7,NA,7,6.5,6,6.5,7,8,7,7,8,8,8,NA,11,10,10,NA,8,8,8,NA,0,0,0,NA,0,0,0,NA,NA,NA,NA,NA,NA,NA,NA,NA,7.333333333333333,7.333333333333333,6.5,7.25,8,10.333333333333334,8,NA,NA,NA,NA,22,22,26,29,24,31,24,NA,NA,NA,NA,2,2,9,9,6,3,6,NA,NA,NA,NA,0.08906882591093117,0.08527131782945736,0.08176100628930817,0.09863945578231292,0.1188118811881188,0.15048543689320387,0.15,NA,NA,NA,NA
Danny Amendola,Witney Carson,Athlete,Texas,United States,39,33,5th Place,5,7,6,7,NA,7,7,7,NA,7.5,7.5,8,7,9,9,9,9,8.5,8.5,8.5,NA,10,9,9,NA,8.5,8.5,8.5,NA,9,9,9,NA,9,9.5,9.5,NA,NA,NA,NA,NA,NA,NA,NA,NA,6.666666666666667,7,7.5,9,8.5,9.333333333333334,8.5,9,9.333333333333334,NA,NA,20,21,30,36,25.5,28,25.5,27,28,NA,NA,5,5,6,1,4,5,5,4,5,NA,NA,0.08097165991902834,0.08139534883720931,0.09433962264150944,0.12244897959183673,0.12623762376237624,0.13592233009708737,0.159375,0.19285714285714287,0.19243986254295534,NA,NA
Stephen Nedoroscik,Rylee Arnold,Athlete,Florida,United States,26,33,4th Place,4,7,7,7,NA,8,7,7,NA,8,8,7.5,7.5,8,9,8,8,8,8,8,NA,10,9,9,NA,9.5,9,8.5,NA,9,8.5,9,NA,10,9.5,10,NA,NA,NA,NA,NA,NA,NA,NA,NA,7,7.333333333333333,7.75,8.25,8,9.333333333333334,9,8.833333333333334,9.833333333333334,NA,NA,21,22,31,33,24,28,27,26.5,29.5,NA,NA,3,2,3,3,6,5,3,5,2,NA,NA,0.08502024291497975,0.08527131782945736,0.09748427672955975,0.11224489795918367,0.1188118811881188,0.13592233009708737,0.16875,0.18928571428571428,0.2027491408934708,NA,NA
Ilona Maher,Alan Bersten,Athlete,California,United States,28,33,2nd Place,2,6,6,6,NA,7,7,7,NA,7.5,7,7,6.5,8,8,8,8,9,8.5,8.5,NA,8,8,8,NA,9,8.5,8.5,NA,9.5,9.5,9.5,NA,9.5,9.5,9.5,NA,NA,NA,NA,NA,NA,NA,NA,NA,6,7,7,8,8.666666666666666,8,8.666666666666666,9.5,9.5,NA,NA,18,21,28,32,26,24,26,28.5,28.5,NA,NA,8,5,7,4,2,7,4,3,4,NA,NA,0.0728744939271255,0.08139534883720931,0.0880503144654088,0.10884353741496598,0.12871287128712872,0.11650485436893204,0.1625,0.20357142857142857,0.1958762886597938,NA,NA
Anna Delvey,Ezra Sosa,Con artist,NA,Russia,33,33,Eliminated Week 2,12,6,6,6,NA,6,5,6,NA,0,0,0,0,0,0,0,0,0,0,0,NA,0,0,0,NA,0,0,0,NA,0,0,0,NA,0,0,0,NA,NA,NA,NA,NA,NA,NA,NA,NA,6,5.666666666666667,NA,NA,NA,NA,NA,NA,NA,NA,NA,18,17,NA,NA,NA,NA,NA,NA,NA,NA,NA,8,11,NA,NA,NA,NA,NA,NA,NA,NA,NA,0.0728744939271255,0.06589147286821706,NA,NA,NA,NA,NA,NA,NA,NA,NA
Brooks Nader,Gleb Savchenko,Model,New York,United States,27,33,Eliminated Week 4,9,6,6,6,NA,7,6,7,NA,7.5,7.5,8,7.5,8,8,8,8,0,0,0,NA,0,0,0,NA,0,0,0,NA,0,0,0,NA,0,0,0,NA,NA,NA,NA,NA,NA,NA,NA,NA,6,6.666666666666667,7.625,8,NA,NA,NA,NA,NA,NA,NA,18,20,30.5,32,NA,NA,NA,NA,NA,NA,NA,8,8,5,4,NA,NA,NA,NA,NA,NA,NA,0.0728744939271255,0.07751937984496124,0.0959119496855346,0.10884353741496598,NA,NA,NA,NA,NA,NA,NA
Phaedra Parks,Val Chmerkovskiy,TV Personality,Georgia,United States,51,33,Eliminated Week 5,8,7,6,6,NA,7,7,7,NA,7.5,7.5,6,7,8,8,8,8,8,8,8,NA,0,0,0,NA,0,0,0,NA,0,0,0,NA,0,0,0,NA,NA,NA,NA,NA,NA,NA,NA,NA,6.333333333333333,7,7,8,8,NA,NA,NA,NA,NA,NA,19,21,28,32,24,NA,NA,NA,NA,NA,NA,6,5,7,4,6,NA,NA,NA,NA,NA,NA,0.07692307692307693,0.08139534883720931,0.0880503144654088,0.10884353741496598,0.1188118811881188,NA,NA,NA,NA,NA,NA
Jenn Tran,Sasha Farber,TV Personality,Florida,United States,26,33,Eliminated Week 6,7,7,6,6,NA,6,6,7,NA,8,8,7,8,8,8,8,8,8.5,8.5,8.5,NA,11,10,10,NA,0,0,0,NA,0,0,0,NA,0,0,0,NA,NA,NA,NA,NA,NA,NA,NA,NA,6.333333333333333,6.333333333333333,7.75,8,8.5,10.333333333333334,NA,NA,NA,NA,NA,19,19,31,32,25.5,31,NA,NA,NA,NA,NA,6,9,3,4,4,3,NA,NA,NA,NA,NA,0.07692307692307693,0.07364341085271318,0.09748427672955975,0.10884353741496598,0.12623762376237624,0.15048543689320387,NA,NA,NA,NA,NA
Joey Graziadei,Jenna Johnson,TV Personality,Louisiana,United States,29,33,1st Place,1,7,7,7,NA,8,7,7,NA,9,9,8.5,8.5,9,9,9,9,8.5,8.5,9,NA,11,10,11,NA,9,9.5,9,NA,9.5,10,9.5,NA,9.5,10,10,NA,NA,NA,NA,NA,NA,NA,NA,NA,7,7.333333333333333,8.75,9,8.666666666666666,10.666666666666666,9.166666666666666,9.666666666666666,9.833333333333334,NA,NA,21,22,35,36,26,32,27.5,29,29.5,NA,NA,3,2,1,1,2,1,2,1,2,NA,NA,0.08502024291497975,0.08527131782945736,0.11006289308176101,0.12244897959183673,0.12871287128712872,0.1553398058252427,0.171875,0.20714285714285716,0.2027491408934708,NA,NA
Corey Feldman,Jenna Johnson,Actor/Actress,California,United States,54,34,Eliminated Week 2,13,4,5,NA,NA,5,5,5,NA,0,0,0,NA,0,0,0,NA,0,0,0,0,0,0,0,0,0,0,0,0,0,0,0,0,0,0,0,0,0,0,0,NA,0,0,0,NA,4.5,5,NA,NA,NA,NA,NA,NA,NA,NA,NA,9,15,NA,NA,NA,NA,NA,NA,NA,NA,NA,13,14,NA,NA,NA,NA,NA,NA,NA,NA,NA,0.054878048780487805,0.0539568345323741,NA,NA,NA,NA,NA,NA,NA,NA,NA
Danielle Fishel,Pasha Pashkov,Actor/Actress,California,United States,44,34,Eliminated Week 8,8,6,6,NA,NA,7,6,6,NA,7,7,7,NA,7,7,7,NA,7,7,7,8,9,9,9,9,8.5,8.5,8.5,9.5,9.5,9,9.5,9,0,0,0,0,0,0,0,NA,0,0,0,NA,6,6.333333333333333,7,7,7.25,9,8.75,9.25,NA,NA,NA,12,19,21,21,29,36,35,37,NA,NA,NA,6,10,8,9,8,3,6,7,NA,NA,NA,0.07317073170731707,0.0683453237410072,0.08171206225680934,0.0846774193548387,0.0926517571884984,0.10588235294117647,0.10542168674698796,0.12271973466003316,NA,NA,NA
Elaine Hendrix,Alan Bersten (Rashad Jennings week 9),Actor/Actress,Georgia,United States,55,34,5th Place,5,6,6,NA,NA,7,7,7,NA,7,7,7,NA,8,8,8,NA,8,7,7,8,9,9,9,9,8,8,8,8,9,9.5,10,9,9,9,9,9,9.5,9.5,9.5,NA,9.6666,9.6666,9.6666,NA,6,7,7,8,7.5,9,8,9.375,9,9.5,9.6666,12,21,21,24,30,36,32,37.5,36,28.5,28.9998,6,5,8,2,6,3,8,6,6,4,5,0.07317073170731707,0.07553956834532374,0.08171206225680934,0.0967741935483871,0.09584664536741214,0.10588235294117647,0.0963855421686747,0.12437810945273632,0.13333333333333333,0.16569767441860464,0.19638752808699622
Baron Davis,Britt Stewart,Athlete,California,United States,46,34,Eliminated Week 2,13,5,5,NA,NA,6,6,6,NA,0,0,0,NA,0,0,0,NA,0,0,0,0,0,0,0,0,0,0,0,0,0,0,0,0,0,0,0,0,0,0,0,NA,0,0,0,NA,5,6,NA,NA,NA,NA,NA,NA,NA,NA,NA,10,18,NA,NA,NA,NA,NA,NA,NA,NA,NA,9,11,NA,NA,NA,NA,NA,NA,NA,NA,NA,0.06097560975609756,0.06474820143884892,NA,NA,NA,NA,NA,NA,NA,NA,NA
Jordan Chiles,Ezra Sosa (Apolo Anton Ohno week 9),Athlete,Texas,United States,24,34,3rd Place,3,5,5,NA,NA,8,7,7,NA,8,8,8,NA,8,8,8,NA,8,8,8,8,10,9,10,10,10,9,9,10,10,9.5,10,9.5,9.5,10.5,9.5,9.5,9.5,9.5,9.5,NA,9.6666,10,10,NA,5,7.333333333333333,8,8,8,9.75,9.5,9.75,9.75,9.5,9.888866666666667,10,22,24,24,32,39,38,39,39,28.5,29.666600000000003,9,1,1,2,5,1,4,2,5,4,2,0.06097560975609756,0.07913669064748201,0.0933852140077821,0.0967741935483871,0.10223642172523961,0.11470588235294117,0.1144578313253012,0.12935323383084577,0.14444444444444443,0.16569767441860464,0.20090311797825097
Andy Richter,Emma Slater/Kaitlyn Bristowe (week 9),Comedian,California,United States,59,34,Eliminated Week 9,7,5,4,NA,NA,6,5,5,NA,6,6,6,NA,6,6,6,NA,6,6,6,6,7,6,7,7,7.25,7.25,7.25,7.25,8,8.5,9.5,8,8,7,7,7,0,0,0,NA,0,0,0,NA,4.5,5.333333333333333,6,6,6,6.75,7.25,8.5,7.25,NA,NA,9,16,18,18,24,27,29,34,29,NA,NA,13,13,11,11,10,10,9,8,7,NA,NA,0.054878048780487805,0.05755395683453238,0.07003891050583658,0.07258064516129033,0.07667731629392971,0.07941176470588235,0.08734939759036145,0.11276948590381426,0.10740740740740741,NA,NA
Robert Irwin,Witney Carson (Xoshitl Gomez week 9),Conservationist,NA,Australia,22,34,1st Place,1,8,7,NA,NA,8,7,7,NA,8,7,7,NA,7,7,8,NA,8,9,9,9,9,9,9,9,10.75,9.75,9.75,10.75,9,9.5,10,9.5,10.5,10.5,10.5,10.5,10,9.5,10,NA,9.6666,10,10,NA,7.5,7.333333333333333,7.333333333333333,7.333333333333333,8.75,9,10.25,9.5,10.5,9.833333333333334,9.888866666666667,15,22,22,22,35,36,41,38,42,29.5,29.666600000000003,1,1,5,8,2,3,3,4,1,1,2,0.09146341463414634,0.07913669064748201,0.08560311284046693,0.08870967741935484,0.11182108626198083,0.10588235294117647,0.12349397590361445,0.12603648424543948,0.15555555555555556,0.17151162790697674,0.20090311797825097
Hilaria Baldwin,Gleb Savchenko,Entrepreneur,New York,United States,41,34,Eliminated Week 4,11,7,7,NA,NA,7,7,7,NA,7,8,7,NA,8,7,8,NA,0,0,0,0,0,0,0,0,0,0,0,0,0,0,0,0,0,0,0,0,0,0,0,NA,0,0,0,NA,7,7,7.333333333333333,7.666666666666667,NA,NA,NA,NA,NA,NA,NA,14,21,22,23,NA,NA,NA,NA,NA,NA,NA,3,5,5,5,NA,NA,NA,NA,NA,NA,NA,0.08536585365853659,0.07553956834532374,0.08560311284046693,0.09274193548387097,NA,NA,NA,NA,NA,NA,NA
Lauren Jauregui,Brandon Armstrong,Singer/Rapper,Florida,United States,29,34,Eliminated Week 3,12,7,6,NA,NA,7,7,7,NA,6,6,6,NA,0,0,0,NA,0,0,0,0,0,0,0,0,0,0,0,0,0,0,0,0,0,0,0,0,0,0,0,NA,0,0,0,NA,6.5,7,6,NA,NA,NA,NA,NA,NA,NA,NA,13,21,18,NA,NA,NA,NA,NA,NA,NA,NA,4,5,11,NA,NA,NA,NA,NA,NA,NA,NA,0.07926829268292683,0.07553956834532374,0.07003891050583658,NA,NA,NA,NA,NA,NA,NA,NA
Scott Hoying,Rylee Arnold,Singer/Rapper,California,United States,34,34,Eliminated Week 6,10,5,5,NA,NA,6,6,6,NA,8,7,7,NA,7,7,7,NA,7,8,7,8,7,7,7,7,0,0,0,0,0,0,0,0,0,0,0,0,0,0,0,NA,0,0,0,NA,5,6,7.333333333333333,7,7.5,7,NA,NA,NA,NA,NA,10,18,22,21,30,28,NA,NA,NA,NA,NA,9,11,5,9,6,9,NA,NA,NA,NA,NA,0.06097560975609756,0.06474820143884892,0.08560311284046693,0.0846774193548387,0.09584664536741214,0.08235294117647059,NA,NA,NA,NA,NA
Alix Earle,Val Chmerkovskiy (Joey Graziadei week 9),Social media personality,Florida,United States,24,34,2nd Place,2,7,6,NA,NA,7,7,7,NA,8,7,8,NA,8,8,8,NA,8,9,9,9,9,9,8,9,11,11,10,11,9.5,10,9.5,9.5,10,10,10,10,9.5,10,9.5,NA,10,10,10,NA,6.5,7,7.666666666666667,8,8.75,8.75,10.75,9.625,10,9.666666666666666,10,13,21,23,24,35,35,43,38.5,40,29,30,4,5,3,2,2,6,1,3,4,2,1,0.07926829268292683,0.07553956834532374,0.08949416342412451,0.0967741935483871,0.11182108626198083,0.10294117647058823,0.12951807228915663,0.12769485903814262,0.14814814814814814,0.1686046511627907,0.2031609129238783
Jen Affleck,Jan Ravnik,TV Personality,Utah,United States,26,34,Eliminated Week 7,9,6,6,NA,NA,8,7,7,NA,7,6,6,NA,7,8,8,NA,8,7,7,7,8,8,8,8,8.5,8.5,8.5,8.5,0,0,0,0,0,0,0,0,0,0,0,NA,0,0,0,NA,6,7.333333333333333,6.333333333333333,7.666666666666667,7.25,8,8.5,NA,NA,NA,NA,12,22,19,23,29,32,34,NA,NA,NA,NA,6,1,10,5,8,7,7,NA,NA,NA,NA,0.07317073170731707,0.07913669064748201,0.07392996108949416,0.09274193548387097,0.0926517571884984,0.09411764705882353,0.10240963855421686,NA,NA,NA,NA
Whitney Leavitt,Mark Ballas,TV Personality,Utah,United States,32,34,Eliminated Week 10,6,7,8,NA,NA,7,7,8,NA,8,8,8,NA,9,8,8,NA,9,8,8,8,10,9,10,10,10.25,10.25,10.25,11.25,9.5,10,10,10,10.5,10.5,10.5,10.5,9,10,10,NA,0,0,0,NA,7.5,7.333333333333333,8,8.333333333333334,8.25,9.75,10.5,9.875,10.5,9.666666666666666,NA,15,22,24,25,33,39,42,39.5,42,29,NA,1,1,1,1,4,1,2,1,1,2,NA,0.09146341463414634,0.07913669064748201,0.0933852140077821,0.10080645161290322,0.10543130990415335,0.11470588235294117,0.12650602409638553,0.1310116086235489,0.15555555555555556,0.1686046511627907,NA
Dylan Efron,Daniella Karagach (Rumer Willis week 9),TV Personality,California,United States,33,34,4th Place,4,5,5,NA,NA,7,6,7,NA,7,8,8,NA,7,8,8,NA,9,9,9,9,8,8,8,8,9.75,9.75,8.75,9.75,9,9.5,10,9.5,10.5,10.5,10.5,10.5,9,9,9.5,NA,9.6666,9.6666,10,NA,5,6.666666666666667,7.666666666666667,7.666666666666667,9,8,9.5,9.5,10.5,9.166666666666666,9.777733333333334,10,20,23,23,36,32,38,38,42,27.5,29.3332,9,9,3,5,1,7,4,4,1,6,4,0.06097560975609756,0.07194244604316546,0.08949416342412451,0.09274193548387097,0.11501597444089456,0.09411764705882353,0.1144578313253012,0.12603648424543948,0.15555555555555556,0.15988372093023256,0.19864532303262358
